event_id,entity_type,entity_id,window_end,is_anomalous,scenario_id,severity_truth
syn_evt_00000000e291_000000001b608b49,wallet,syn_w_0000000000000000,2026-07-05T00:00:00.000Z,1,STRUCTURING,high
syn_evt_00000000e292_000000001b60aa38,wallet,syn_w_0000000000000000,2026-07-05T00:01:12.000Z,1,STRUCTURING,high
syn_evt_00000000e293_000000001b60c927,wallet,syn_w_0000000000000000,2026-07-05T00:02:24.000Z,1,STRUCTURING,high
syn_evt_00000000e294_000000001b60e816,wallet,syn_w_0000000000000000,2026-07-05T00:03:36.000Z,1,STRUCTURING,high
syn_evt_00000000e295_000000001b610705,wallet,syn_w_0000000000000000,2026-07-05T00:04:48.000Z,1,STRUCTURING,high
syn_evt_00000000e296_000000001b6125f4,wallet,syn_w_0000000000000000,2026-07-05T00:06:00.000Z,1,STRUCTURING,high
syn_evt_00000000e297_000000001b6144e3,wallet,syn_w_0000000000000000,2026-07-05T00:07:12.000Z,1,STRUCTURING,high
syn_evt_00000000e298_000000001b6163d2,wallet,syn_w_0000000000000000,2026-07-05T00:08:24.000Z,1,STRUCTURING,high
syn_evt_00000000e299_000000001b6182c1,wallet,syn_w_0000000000000000,2026-07-05T00:09:36.000Z,1,STRUCTURING,high
syn_evt_00000000e29a_000000001b61a1b0,wallet,syn_w_0000000000000000,2026-07-05T00:10:48.000Z,1,STRUCTURING,high
syn_evt_00000000e29b_000000001b61c09f,wallet,syn_w_0000000000000000,2026-07-05T00:12:00.000Z,1,STRUCTURING,high
syn_evt_00000000e29c_000000001b61df8e,wallet,syn_w_0000000000000000,2026-07-05T00:13:12.000Z,1,STRUCTURING,high
syn_evt_00000000e29d_000000001b61fe7d,wallet,syn_w_0000000000000000,2026-07-05T00:14:24.000Z,1,STRUCTURING,high
syn_evt_00000000e29e_000000001b621d6c,wallet,syn_w_0000000000000000,2026-07-05T00:15:36.000Z,1,STRUCTURING,high
syn_evt_00000000e29f_000000001b623c5b,wallet,syn_w_0000000000000000,2026-07-05T00:16:48.000Z,1,STRUCTURING,high
syn_evt_00000000e2a0_000000001b625b4a,wallet,syn_w_0000000000000000,2026-07-05T00:18:00.000Z,1,STRUCTURING,high
syn_evt_00000000e2a1_000000001b627a39,wallet,syn_w_0000000000000000,2026-07-05T00:19:12.000Z,1,STRUCTURING,high
syn_evt_00000000e2a2_000000001b629928,wallet,syn_w_0000000000000000,2026-07-05T00:20:24.000Z,1,STRUCTURING,high
syn_evt_00000000e2a3_000000001b62b817,wallet,syn_w_0000000000000000,2026-07-05T00:21:36.000Z,1,STRUCTURING,high
syn_evt_00000000e2a4_000000001b62d706,wallet,syn_w_0000000000000000,2026-07-05T00:22:48.000Z,1,STRUCTURING,high
syn_evt_00000000e2a5_000000001b62f5f5,wallet,syn_w_0000000000000000,2026-07-05T00:24:00.000Z,1,STRUCTURING,high
syn_evt_00000000e2a6_000000001b6314e4,wallet,syn_w_0000000000000000,2026-07-05T00:25:12.000Z,1,STRUCTURING,high
syn_evt_00000000e2a7_000000001b6333d3,wallet,syn_w_0000000000000000,2026-07-05T00:26:24.000Z,1,STRUCTURING,high
syn_evt_00000000e2a8_000000001b6352c2,wallet,syn_w_0000000000000000,2026-07-05T00:27:36.000Z,1,STRUCTURING,high
syn_evt_00000000e2a9_000000001b6371b1,wallet,syn_w_0000000000000000,2026-07-05T00:28:48.000Z,1,STRUCTURING,high
syn_evt_00000000e2aa_000000001b6390a0,wallet,syn_w_0000000000000000,2026-07-05T00:30:00.000Z,1,STRUCTURING,high
syn_evt_00000000e2ab_000000001b63af8f,wallet,syn_w_0000000000000000,2026-07-05T00:31:12.000Z,1,STRUCTURING,high
syn_evt_00000000e2ac_000000001b63ce7e,wallet,syn_w_0000000000000000,2026-07-05T00:32:24.000Z,1,STRUCTURING,high
syn_evt_00000000e2ad_000000001b63ed6d,wallet,syn_w_0000000000000000,2026-07-05T00:33:36.000Z,1,STRUCTURING,high
syn_evt_00000000e2ae_000000001b640c5c,wallet,syn_w_0000000000000000,2026-07-05T00:34:48.000Z,1,STRUCTURING,high
syn_evt_00000000e2af_000000001b642b4b,wallet,syn_w_0000000000000000,2026-07-05T00:36:00.000Z,1,STRUCTURING,high
syn_evt_00000000e2b0_000000001b644a3a,wallet,syn_w_0000000000000000,2026-07-05T00:37:12.000Z,1,STRUCTURING,high
syn_evt_00000000e2b1_000000001b646929,wallet,syn_w_0000000000000000,2026-07-05T00:38:24.000Z,1,STRUCTURING,high
syn_evt_00000000e2b2_000000001b648818,wallet,syn_w_0000000000000000,2026-07-05T00:39:36.000Z,1,STRUCTURING,high
syn_evt_00000000e2b3_000000001b64a707,wallet,syn_w_0000000000000000,2026-07-05T00:40:48.000Z,1,STRUCTURING,high
syn_evt_00000000e2b4_000000001b64c5f6,wallet,syn_w_0000000000000000,2026-07-05T00:42:00.000Z,1,STRUCTURING,high
syn_evt_00000000e2b5_000000001b64e4e5,wallet,syn_w_0000000000000000,2026-07-05T00:43:12.000Z,1,STRUCTURING,high
syn_evt_00000000e2b6_000000001b6503d4,wallet,syn_w_0000000000000000,2026-07-05T00:44:24.000Z,1,STRUCTURING,high
syn_evt_00000000e2b7_000000001b6522c3,wallet,syn_w_0000000000000000,2026-07-05T00:45:36.000Z,1,STRUCTURING,high
syn_evt_00000000e2b8_000000001b6541b2,wallet,syn_w_0000000000000000,2026-07-05T00:46:48.000Z,1,STRUCTURING,high
syn_evt_00000000e2b9_000000001b6560a1,wallet,syn_w_0000000000000000,2026-07-05T00:48:00.000Z,1,STRUCTURING,high
syn_evt_00000000e2ba_000000001b657f90,wallet,syn_w_0000000000000000,2026-07-05T00:49:12.000Z,1,STRUCTURING,high
syn_evt_00000000e2bb_000000001b659e7f,wallet,syn_w_0000000000000000,2026-07-05T00:50:24.000Z,1,STRUCTURING,high
syn_evt_00000000e2bc_000000001b65bd6e,wallet,syn_w_0000000000000000,2026-07-05T00:51:36.000Z,1,STRUCTURING,high
syn_evt_00000000e2bd_000000001b65dc5d,wallet,syn_w_0000000000000000,2026-07-05T00:52:48.000Z,1,STRUCTURING,high
syn_evt_00000000e2be_000000001b65fb4c,wallet,syn_w_0000000000000000,2026-07-05T00:54:00.000Z,1,STRUCTURING,high
syn_evt_00000000e2bf_000000001b661a3b,wallet,syn_w_0000000000000000,2026-07-05T00:55:12.000Z,1,STRUCTURING,high
syn_evt_00000000e2c0_000000001b66392a,wallet,syn_w_0000000000000000,2026-07-05T00:56:24.000Z,1,STRUCTURING,high
syn_evt_00000000e2c1_000000001b665819,wallet,syn_w_0000000000000000,2026-07-05T00:57:36.000Z,1,STRUCTURING,high
syn_evt_00000000e2c2_000000001b667708,wallet,syn_w_0000000000000000,2026-07-05T00:58:48.000Z,1,STRUCTURING,high
syn_evt_00000000e2c3_000000001b6695f7,wallet,syn_w_0000000000000000,2026-07-05T01:00:00.000Z,1,STRUCTURING,high
syn_evt_00000000e2c4_000000001b66b4e6,wallet,syn_w_0000000000000000,2026-07-05T01:01:12.000Z,1,STRUCTURING,high
syn_evt_00000000e2c5_000000001b66d3d5,wallet,syn_w_0000000000000000,2026-07-05T01:02:24.000Z,1,STRUCTURING,high
syn_evt_00000000e2c6_000000001b66f2c4,wallet,syn_w_0000000000000000,2026-07-05T01:03:36.000Z,1,STRUCTURING,high
syn_evt_00000000e2c7_000000001b6711b3,wallet,syn_w_0000000000000000,2026-07-05T01:04:48.000Z,1,STRUCTURING,high
syn_evt_00000000e2c8_000000001b6730a2,wallet,syn_w_0000000000000000,2026-07-05T01:06:00.000Z,1,STRUCTURING,high
syn_evt_00000000e2c9_000000001b674f91,wallet,syn_w_0000000000000000,2026-07-05T01:07:12.000Z,1,STRUCTURING,high
syn_evt_00000000e2ca_000000001b676e80,wallet,syn_w_0000000000000000,2026-07-05T01:08:24.000Z,1,STRUCTURING,high
syn_evt_00000000e2cb_000000001b678d6f,wallet,syn_w_0000000000000000,2026-07-05T01:09:36.000Z,1,STRUCTURING,high
syn_evt_00000000e2cc_000000001b67ac5e,wallet,syn_w_0000000000000000,2026-07-05T01:10:48.000Z,1,STRUCTURING,high
syn_evt_00000000e2cd_000000001b67cb4d,wallet,syn_w_0000000000000000,2026-07-05T01:12:00.000Z,1,STRUCTURING,high
syn_evt_00000000e2ce_000000001b67ea3c,wallet,syn_w_0000000000000000,2026-07-05T01:13:12.000Z,1,STRUCTURING,high
syn_evt_00000000e2cf_000000001b68092b,wallet,syn_w_0000000000000000,2026-07-05T01:14:24.000Z,1,STRUCTURING,high
syn_evt_00000000e2d0_000000001b68281a,wallet,syn_w_0000000000000000,2026-07-05T01:15:36.000Z,1,STRUCTURING,high
syn_evt_00000000e2d1_000000001b684709,wallet,syn_w_0000000000000000,2026-07-05T01:16:48.000Z,1,STRUCTURING,high
syn_evt_00000000e2d2_000000001b6865f8,wallet,syn_w_0000000000000000,2026-07-05T01:18:00.000Z,1,STRUCTURING,high
syn_evt_00000000e2d3_000000001b6884e7,wallet,syn_w_0000000000000000,2026-07-05T01:19:12.000Z,1,STRUCTURING,high
syn_evt_00000000e2d4_000000001b68a3d6,wallet,syn_w_0000000000000000,2026-07-05T01:20:24.000Z,1,STRUCTURING,high
syn_evt_00000000e2d5_000000001b68c2c5,wallet,syn_w_0000000000000000,2026-07-05T01:21:36.000Z,1,STRUCTURING,high
syn_evt_00000000e2d6_000000001b68e1b4,wallet,syn_w_0000000000000000,2026-07-05T01:22:48.000Z,1,STRUCTURING,high
syn_evt_00000000e2d7_000000001b6900a3,wallet,syn_w_0000000000000000,2026-07-05T01:24:00.000Z,1,STRUCTURING,high
syn_evt_00000000e2d8_000000001b691f92,wallet,syn_w_0000000000000000,2026-07-05T01:25:12.000Z,1,STRUCTURING,high
syn_evt_00000000e2d9_000000001b693e81,wallet,syn_w_0000000000000000,2026-07-05T01:26:24.000Z,1,STRUCTURING,high
syn_evt_00000000e2da_000000001b695d70,wallet,syn_w_0000000000000000,2026-07-05T01:27:36.000Z,1,STRUCTURING,high
syn_evt_00000000e2db_000000001b697c5f,wallet,syn_w_0000000000000000,2026-07-05T01:28:48.000Z,1,STRUCTURING,high
syn_evt_00000000e2dc_000000001b699b4e,wallet,syn_w_0000000000000000,2026-07-05T01:30:00.000Z,1,STRUCTURING,high
syn_evt_00000000e2dd_000000001b69ba3d,wallet,syn_w_0000000000000000,2026-07-05T01:31:12.000Z,1,STRUCTURING,high
syn_evt_00000000e2de_000000001b69d92c,wallet,syn_w_0000000000000000,2026-07-05T01:32:24.000Z,1,STRUCTURING,high
syn_evt_00000000e2df_000000001b69f81b,wallet,syn_w_0000000000000000,2026-07-05T01:33:36.000Z,1,STRUCTURING,high
syn_evt_00000000e2e0_000000001b6a170a,wallet,syn_w_0000000000000000,2026-07-05T01:34:48.000Z,1,STRUCTURING,high
syn_evt_00000000e2e1_000000001b6a35f9,wallet,syn_w_0000000000000000,2026-07-05T01:36:00.000Z,1,STRUCTURING,high
syn_evt_00000000e2e2_000000001b6a54e8,wallet,syn_w_0000000000000000,2026-07-05T01:37:12.000Z,1,STRUCTURING,high
syn_evt_00000000e2e3_000000001b6a73d7,wallet,syn_w_0000000000000000,2026-07-05T01:38:24.000Z,1,STRUCTURING,high
syn_evt_00000000e2e4_000000001b6a92c6,wallet,syn_w_0000000000000000,2026-07-05T01:39:36.000Z,1,STRUCTURING,high
syn_evt_00000000e2e5_000000001b6ab1b5,wallet,syn_w_0000000000000000,2026-07-05T01:40:48.000Z,1,STRUCTURING,high
syn_evt_00000000e2e6_000000001b6ad0a4,wallet,syn_w_0000000000000000,2026-07-05T01:42:00.000Z,1,STRUCTURING,high
syn_evt_00000000e2e7_000000001b6aef93,wallet,syn_w_0000000000000000,2026-07-05T01:43:12.000Z,1,STRUCTURING,high
syn_evt_00000000e2e8_000000001b6b0e82,wallet,syn_w_0000000000000000,2026-07-05T01:44:24.000Z,1,STRUCTURING,high
syn_evt_00000000e2e9_000000001b6b2d71,wallet,syn_w_0000000000000000,2026-07-05T01:45:36.000Z,1,STRUCTURING,high
syn_evt_00000000e2ea_000000001b6b4c60,wallet,syn_w_0000000000000000,2026-07-05T01:46:48.000Z,1,STRUCTURING,high
syn_evt_00000000e2eb_000000001b6b6b4f,wallet,syn_w_0000000000000000,2026-07-05T01:48:00.000Z,1,STRUCTURING,high
syn_evt_00000000e2ec_000000001b6b8a3e,wallet,syn_w_0000000000000000,2026-07-05T01:49:12.000Z,1,STRUCTURING,high
syn_evt_00000000e2ed_000000001b6ba92d,wallet,syn_w_0000000000000000,2026-07-05T01:50:24.000Z,1,STRUCTURING,high
syn_evt_00000000e2ee_000000001b6bc81c,wallet,syn_w_0000000000000000,2026-07-05T01:51:36.000Z,1,STRUCTURING,high
syn_evt_00000000e2ef_000000001b6be70b,wallet,syn_w_0000000000000000,2026-07-05T01:52:48.000Z,1,STRUCTURING,high
syn_evt_00000000e2f0_000000001b6c05fa,wallet,syn_w_0000000000000000,2026-07-05T01:54:00.000Z,1,STRUCTURING,high
syn_evt_00000000e2f1_000000001b6c24e9,wallet,syn_w_0000000000000000,2026-07-05T01:55:12.000Z,1,STRUCTURING,high
syn_evt_00000000e2f2_000000001b6c43d8,wallet,syn_w_0000000000000000,2026-07-05T01:56:24.000Z,1,STRUCTURING,high
syn_evt_00000000e2f3_000000001b6c62c7,wallet,syn_w_0000000000000000,2026-07-05T01:57:36.000Z,1,STRUCTURING,high
syn_evt_00000000e2f4_000000001b6c81b6,wallet,syn_w_0000000000000000,2026-07-05T01:58:48.000Z,1,STRUCTURING,high
syn_evt_00000000e2f5_000000001b6ca0a5,wallet,syn_w_00000000000000c8,2026-07-13T00:00:00.000Z,1,STRUCTURING,high
syn_evt_00000000e2f6_000000001b6cbf94,wallet,syn_w_00000000000000c8,2026-07-13T00:01:12.000Z,1,STRUCTURING,high
syn_evt_00000000e2f7_000000001b6cde83,wallet,syn_w_00000000000000c8,2026-07-13T00:02:24.000Z,1,STRUCTURING,high
syn_evt_00000000e2f8_000000001b6cfd72,wallet,syn_w_00000000000000c8,2026-07-13T00:03:36.000Z,1,STRUCTURING,high
syn_evt_00000000e2f9_000000001b6d1c61,wallet,syn_w_00000000000000c8,2026-07-13T00:04:48.000Z,1,STRUCTURING,high
syn_evt_00000000e2fa_000000001b6d3b50,wallet,syn_w_00000000000000c8,2026-07-13T00:06:00.000Z,1,STRUCTURING,high
syn_evt_00000000e2fb_000000001b6d5a3f,wallet,syn_w_00000000000000c8,2026-07-13T00:07:12.000Z,1,STRUCTURING,high
syn_evt_00000000e2fc_000000001b6d792e,wallet,syn_w_00000000000000c8,2026-07-13T00:08:24.000Z,1,STRUCTURING,high
syn_evt_00000000e2fd_000000001b6d981d,wallet,syn_w_00000000000000c8,2026-07-13T00:09:36.000Z,1,STRUCTURING,high
syn_evt_00000000e2fe_000000001b6db70c,wallet,syn_w_00000000000000c8,2026-07-13T00:10:48.000Z,1,STRUCTURING,high
syn_evt_00000000e2ff_000000001b6dd5fb,wallet,syn_w_00000000000000c8,2026-07-13T00:12:00.000Z,1,STRUCTURING,high
syn_evt_00000000e300_000000001b6df4ea,wallet,syn_w_00000000000000c8,2026-07-13T00:13:12.000Z,1,STRUCTURING,high
syn_evt_00000000e301_000000001b6e13d9,wallet,syn_w_00000000000000c8,2026-07-13T00:14:24.000Z,1,STRUCTURING,high
syn_evt_00000000e302_000000001b6e32c8,wallet,syn_w_00000000000000c8,2026-07-13T00:15:36.000Z,1,STRUCTURING,high
syn_evt_00000000e303_000000001b6e51b7,wallet,syn_w_00000000000000c8,2026-07-13T00:16:48.000Z,1,STRUCTURING,high
syn_evt_00000000e304_000000001b6e70a6,wallet,syn_w_00000000000000c8,2026-07-13T00:18:00.000Z,1,STRUCTURING,high
syn_evt_00000000e305_000000001b6e8f95,wallet,syn_w_00000000000000c8,2026-07-13T00:19:12.000Z,1,STRUCTURING,high
syn_evt_00000000e306_000000001b6eae84,wallet,syn_w_00000000000000c8,2026-07-13T00:20:24.000Z,1,STRUCTURING,high
syn_evt_00000000e307_000000001b6ecd73,wallet,syn_w_00000000000000c8,2026-07-13T00:21:36.000Z,1,STRUCTURING,high
syn_evt_00000000e308_000000001b6eec62,wallet,syn_w_00000000000000c8,2026-07-13T00:22:48.000Z,1,STRUCTURING,high
syn_evt_00000000e309_000000001b6f0b51,wallet,syn_w_00000000000000c8,2026-07-13T00:24:00.000Z,1,STRUCTURING,high
syn_evt_00000000e30a_000000001b6f2a40,wallet,syn_w_00000000000000c8,2026-07-13T00:25:12.000Z,1,STRUCTURING,high
syn_evt_00000000e30b_000000001b6f492f,wallet,syn_w_00000000000000c8,2026-07-13T00:26:24.000Z,1,STRUCTURING,high
syn_evt_00000000e30c_000000001b6f681e,wallet,syn_w_00000000000000c8,2026-07-13T00:27:36.000Z,1,STRUCTURING,high
syn_evt_00000000e30d_000000001b6f870d,wallet,syn_w_00000000000000c8,2026-07-13T00:28:48.000Z,1,STRUCTURING,high
syn_evt_00000000e30e_000000001b6fa5fc,wallet,syn_w_00000000000000c8,2026-07-13T00:30:00.000Z,1,STRUCTURING,high
syn_evt_00000000e30f_000000001b6fc4eb,wallet,syn_w_00000000000000c8,2026-07-13T00:31:12.000Z,1,STRUCTURING,high
syn_evt_00000000e310_000000001b6fe3da,wallet,syn_w_00000000000000c8,2026-07-13T00:32:24.000Z,1,STRUCTURING,high
syn_evt_00000000e311_000000001b7002c9,wallet,syn_w_00000000000000c8,2026-07-13T00:33:36.000Z,1,STRUCTURING,high
syn_evt_00000000e312_000000001b7021b8,wallet,syn_w_00000000000000c8,2026-07-13T00:34:48.000Z,1,STRUCTURING,high
syn_evt_00000000e313_000000001b7040a7,wallet,syn_w_00000000000000c8,2026-07-13T00:36:00.000Z,1,STRUCTURING,high
syn_evt_00000000e314_000000001b705f96,wallet,syn_w_00000000000000c8,2026-07-13T00:37:12.000Z,1,STRUCTURING,high
syn_evt_00000000e315_000000001b707e85,wallet,syn_w_00000000000000c8,2026-07-13T00:38:24.000Z,1,STRUCTURING,high
syn_evt_00000000e316_000000001b709d74,wallet,syn_w_00000000000000c8,2026-07-13T00:39:36.000Z,1,STRUCTURING,high
syn_evt_00000000e317_000000001b70bc63,wallet,syn_w_00000000000000c8,2026-07-13T00:40:48.000Z,1,STRUCTURING,high
syn_evt_00000000e318_000000001b70db52,wallet,syn_w_00000000000000c8,2026-07-13T00:42:00.000Z,1,STRUCTURING,high
syn_evt_00000000e319_000000001b70fa41,wallet,syn_w_00000000000000c8,2026-07-13T00:43:12.000Z,1,STRUCTURING,high
syn_evt_00000000e31a_000000001b711930,wallet,syn_w_00000000000000c8,2026-07-13T00:44:24.000Z,1,STRUCTURING,high
syn_evt_00000000e31b_000000001b71381f,wallet,syn_w_00000000000000c8,2026-07-13T00:45:36.000Z,1,STRUCTURING,high
syn_evt_00000000e31c_000000001b71570e,wallet,syn_w_00000000000000c8,2026-07-13T00:46:48.000Z,1,STRUCTURING,high
syn_evt_00000000e31d_000000001b7175fd,wallet,syn_w_00000000000000c8,2026-07-13T00:48:00.000Z,1,STRUCTURING,high
syn_evt_00000000e31e_000000001b7194ec,wallet,syn_w_00000000000000c8,2026-07-13T00:49:12.000Z,1,STRUCTURING,high
syn_evt_00000000e31f_000000001b71b3db,wallet,syn_w_00000000000000c8,2026-07-13T00:50:24.000Z,1,STRUCTURING,high
syn_evt_00000000e320_000000001b71d2ca,wallet,syn_w_00000000000000c8,2026-07-13T00:51:36.000Z,1,STRUCTURING,high
syn_evt_00000000e321_000000001b71f1b9,wallet,syn_w_00000000000000c8,2026-07-13T00:52:48.000Z,1,STRUCTURING,high
syn_evt_00000000e322_000000001b7210a8,wallet,syn_w_00000000000000c8,2026-07-13T00:54:00.000Z,1,STRUCTURING,high
syn_evt_00000000e323_000000001b722f97,wallet,syn_w_00000000000000c8,2026-07-13T00:55:12.000Z,1,STRUCTURING,high
syn_evt_00000000e324_000000001b724e86,wallet,syn_w_00000000000000c8,2026-07-13T00:56:24.000Z,1,STRUCTURING,high
syn_evt_00000000e325_000000001b726d75,wallet,syn_w_00000000000000c8,2026-07-13T00:57:36.000Z,1,STRUCTURING,high
syn_evt_00000000e326_000000001b728c64,wallet,syn_w_00000000000000c8,2026-07-13T00:58:48.000Z,1,STRUCTURING,high
syn_evt_00000000e327_000000001b72ab53,wallet,syn_w_00000000000000c8,2026-07-13T01:00:00.000Z,1,STRUCTURING,high
syn_evt_00000000e328_000000001b72ca42,wallet,syn_w_00000000000000c8,2026-07-13T01:01:12.000Z,1,STRUCTURING,high
syn_evt_00000000e329_000000001b72e931,wallet,syn_w_00000000000000c8,2026-07-13T01:02:24.000Z,1,STRUCTURING,high
syn_evt_00000000e32a_000000001b730820,wallet,syn_w_00000000000000c8,2026-07-13T01:03:36.000Z,1,STRUCTURING,high
syn_evt_00000000e32b_000000001b73270f,wallet,syn_w_00000000000000c8,2026-07-13T01:04:48.000Z,1,STRUCTURING,high
syn_evt_00000000e32c_000000001b7345fe,wallet,syn_w_00000000000000c8,2026-07-13T01:06:00.000Z,1,STRUCTURING,high
syn_evt_00000000e32d_000000001b7364ed,wallet,syn_w_00000000000000c8,2026-07-13T01:07:12.000Z,1,STRUCTURING,high
syn_evt_00000000e32e_000000001b7383dc,wallet,syn_w_00000000000000c8,2026-07-13T01:08:24.000Z,1,STRUCTURING,high
syn_evt_00000000e32f_000000001b73a2cb,wallet,syn_w_00000000000000c8,2026-07-13T01:09:36.000Z,1,STRUCTURING,high
syn_evt_00000000e330_000000001b73c1ba,wallet,syn_w_00000000000000c8,2026-07-13T01:10:48.000Z,1,STRUCTURING,high
syn_evt_00000000e331_000000001b73e0a9,wallet,syn_w_00000000000000c8,2026-07-13T01:12:00.000Z,1,STRUCTURING,high
syn_evt_00000000e332_000000001b73ff98,wallet,syn_w_00000000000000c8,2026-07-13T01:13:12.000Z,1,STRUCTURING,high
syn_evt_00000000e333_000000001b741e87,wallet,syn_w_00000000000000c8,2026-07-13T01:14:24.000Z,1,STRUCTURING,high
syn_evt_00000000e334_000000001b743d76,wallet,syn_w_00000000000000c8,2026-07-13T01:15:36.000Z,1,STRUCTURING,high
syn_evt_00000000e335_000000001b745c65,wallet,syn_w_00000000000000c8,2026-07-13T01:16:48.000Z,1,STRUCTURING,high
syn_evt_00000000e336_000000001b747b54,wallet,syn_w_00000000000000c8,2026-07-13T01:18:00.000Z,1,STRUCTURING,high
syn_evt_00000000e337_000000001b749a43,wallet,syn_w_00000000000000c8,2026-07-13T01:19:12.000Z,1,STRUCTURING,high
syn_evt_00000000e338_000000001b74b932,wallet,syn_w_00000000000000c8,2026-07-13T01:20:24.000Z,1,STRUCTURING,high
syn_evt_00000000e339_000000001b74d821,wallet,syn_w_00000000000000c8,2026-07-13T01:21:36.000Z,1,STRUCTURING,high
syn_evt_00000000e33a_000000001b74f710,wallet,syn_w_00000000000000c8,2026-07-13T01:22:48.000Z,1,STRUCTURING,high
syn_evt_00000000e33b_000000001b7515ff,wallet,syn_w_00000000000000c8,2026-07-13T01:24:00.000Z,1,STRUCTURING,high
syn_evt_00000000e33c_000000001b7534ee,wallet,syn_w_00000000000000c8,2026-07-13T01:25:12.000Z,1,STRUCTURING,high
syn_evt_00000000e33d_000000001b7553dd,wallet,syn_w_00000000000000c8,2026-07-13T01:26:24.000Z,1,STRUCTURING,high
syn_evt_00000000e33e_000000001b7572cc,wallet,syn_w_00000000000000c8,2026-07-13T01:27:36.000Z,1,STRUCTURING,high
syn_evt_00000000e33f_000000001b7591bb,wallet,syn_w_00000000000000c8,2026-07-13T01:28:48.000Z,1,STRUCTURING,high
syn_evt_00000000e340_000000001b75b0aa,wallet,syn_w_0000000000000190,2026-07-20T00:00:00.000Z,1,STRUCTURING,high
syn_evt_00000000e341_000000001b75cf99,wallet,syn_w_0000000000000190,2026-07-20T00:01:12.000Z,1,STRUCTURING,high
syn_evt_00000000e342_000000001b75ee88,wallet,syn_w_0000000000000190,2026-07-20T00:02:24.000Z,1,STRUCTURING,high
syn_evt_00000000e343_000000001b760d77,wallet,syn_w_0000000000000190,2026-07-20T00:03:36.000Z,1,STRUCTURING,high
syn_evt_00000000e344_000000001b762c66,wallet,syn_w_0000000000000190,2026-07-20T00:04:48.000Z,1,STRUCTURING,high
syn_evt_00000000e345_000000001b764b55,wallet,syn_w_0000000000000190,2026-07-20T00:06:00.000Z,1,STRUCTURING,high
syn_evt_00000000e346_000000001b766a44,wallet,syn_w_0000000000000190,2026-07-20T00:07:12.000Z,1,STRUCTURING,high
syn_evt_00000000e347_000000001b768933,wallet,syn_w_0000000000000190,2026-07-20T00:08:24.000Z,1,STRUCTURING,high
syn_evt_00000000e348_000000001b76a822,wallet,syn_w_0000000000000190,2026-07-20T00:09:36.000Z,1,STRUCTURING,high
syn_evt_00000000e349_000000001b76c711,wallet,syn_w_0000000000000190,2026-07-20T00:10:48.000Z,1,STRUCTURING,high
syn_evt_00000000e34a_000000001b76e600,wallet,syn_w_0000000000000190,2026-07-20T00:12:00.000Z,1,STRUCTURING,high
syn_evt_00000000e34b_000000001b7704ef,wallet,syn_w_0000000000000190,2026-07-20T00:13:12.000Z,1,STRUCTURING,high
syn_evt_00000000e34c_000000001b7723de,wallet,syn_w_0000000000000190,2026-07-20T00:14:24.000Z,1,STRUCTURING,high
syn_evt_00000000e34d_000000001b7742cd,wallet,syn_w_0000000000000190,2026-07-20T00:15:36.000Z,1,STRUCTURING,high
syn_evt_00000000e34e_000000001b7761bc,wallet,syn_w_0000000000000190,2026-07-20T00:16:48.000Z,1,STRUCTURING,high
syn_evt_00000000e34f_000000001b7780ab,wallet,syn_w_0000000000000190,2026-07-20T00:18:00.000Z,1,STRUCTURING,high
syn_evt_00000000e350_000000001b779f9a,wallet,syn_w_0000000000000190,2026-07-20T00:19:12.000Z,1,STRUCTURING,high
syn_evt_00000000e351_000000001b77be89,wallet,syn_w_0000000000000190,2026-07-20T00:20:24.000Z,1,STRUCTURING,high
syn_evt_00000000e352_000000001b77dd78,wallet,syn_w_0000000000000190,2026-07-20T00:21:36.000Z,1,STRUCTURING,high
syn_evt_00000000e353_000000001b77fc67,wallet,syn_w_0000000000000190,2026-07-20T00:22:48.000Z,1,STRUCTURING,high
syn_evt_00000000e354_000000001b781b56,wallet,syn_w_0000000000000190,2026-07-20T00:24:00.000Z,1,STRUCTURING,high
syn_evt_00000000e355_000000001b783a45,wallet,syn_w_0000000000000190,2026-07-20T00:25:12.000Z,1,STRUCTURING,high
syn_evt_00000000e356_000000001b785934,wallet,syn_w_0000000000000190,2026-07-20T00:26:24.000Z,1,STRUCTURING,high
syn_evt_00000000e357_000000001b787823,wallet,syn_w_0000000000000190,2026-07-20T00:27:36.000Z,1,STRUCTURING,high
syn_evt_00000000e358_000000001b789712,wallet,syn_w_0000000000000190,2026-07-20T00:28:48.000Z,1,STRUCTURING,high
syn_evt_00000000e359_000000001b78b601,wallet,syn_w_0000000000000190,2026-07-20T00:30:00.000Z,1,STRUCTURING,high
syn_evt_00000000e35a_000000001b78d4f0,wallet,syn_w_0000000000000190,2026-07-20T00:31:12.000Z,1,STRUCTURING,high
syn_evt_00000000e35b_000000001b78f3df,wallet,syn_w_0000000000000190,2026-07-20T00:32:24.000Z,1,STRUCTURING,high
syn_evt_00000000e35c_000000001b7912ce,wallet,syn_w_0000000000000190,2026-07-20T00:33:36.000Z,1,STRUCTURING,high
syn_evt_00000000e35d_000000001b7931bd,wallet,syn_w_0000000000000190,2026-07-20T00:34:48.000Z,1,STRUCTURING,high
syn_evt_00000000e35e_000000001b7950ac,wallet,syn_w_0000000000000190,2026-07-20T00:36:00.000Z,1,STRUCTURING,high
syn_evt_00000000e35f_000000001b796f9b,wallet,syn_w_0000000000000190,2026-07-20T00:37:12.000Z,1,STRUCTURING,high
syn_evt_00000000e360_000000001b798e8a,wallet,syn_w_0000000000000190,2026-07-20T00:38:24.000Z,1,STRUCTURING,high
syn_evt_00000000e361_000000001b79ad79,wallet,syn_w_0000000000000190,2026-07-20T00:39:36.000Z,1,STRUCTURING,high
syn_evt_00000000e362_000000001b79cc68,wallet,syn_w_0000000000000190,2026-07-20T00:40:48.000Z,1,STRUCTURING,high
syn_evt_00000000e363_000000001b79eb57,wallet,syn_w_0000000000000190,2026-07-20T00:42:00.000Z,1,STRUCTURING,high
syn_evt_00000000e364_000000001b7a0a46,wallet,syn_w_0000000000000190,2026-07-20T00:43:12.000Z,1,STRUCTURING,high
syn_evt_00000000e365_000000001b7a2935,wallet,syn_w_0000000000000190,2026-07-20T00:44:24.000Z,1,STRUCTURING,high
syn_evt_00000000e366_000000001b7a4824,wallet,syn_w_0000000000000190,2026-07-20T00:45:36.000Z,1,STRUCTURING,high
syn_evt_00000000e367_000000001b7a6713,wallet,syn_w_0000000000000190,2026-07-20T00:46:48.000Z,1,STRUCTURING,high
syn_evt_00000000e368_000000001b7a8602,wallet,syn_w_0000000000000258,2026-07-26T00:00:00.000Z,1,STRUCTURING,high
syn_evt_00000000e369_000000001b7aa4f1,wallet,syn_w_0000000000000258,2026-07-26T00:01:12.000Z,1,STRUCTURING,high
syn_evt_00000000e36a_000000001b7ac3e0,wallet,syn_w_0000000000000258,2026-07-26T00:02:24.000Z,1,STRUCTURING,high
syn_evt_00000000e36b_000000001b7ae2cf,wallet,syn_w_0000000000000258,2026-07-26T00:03:36.000Z,1,STRUCTURING,high
syn_evt_00000000e36c_000000001b7b01be,wallet,syn_w_0000000000000258,2026-07-26T00:04:48.000Z,1,STRUCTURING,high
syn_evt_00000000e36d_000000001b7b20ad,wallet,syn_w_0000000000000258,2026-07-26T00:06:00.000Z,1,STRUCTURING,high
syn_evt_00000000e36e_000000001b7b3f9c,wallet,syn_w_0000000000000258,2026-07-26T00:07:12.000Z,1,STRUCTURING,high
syn_evt_00000000e36f_000000001b7b5e8b,wallet,syn_w_0000000000000258,2026-07-26T00:08:24.000Z,1,STRUCTURING,high
syn_evt_00000000e370_000000001b7b7d7a,wallet,syn_w_0000000000000258,2026-07-26T00:09:36.000Z,1,STRUCTURING,high
syn_evt_00000000e371_000000001b7b9c69,wallet,syn_w_0000000000000258,2026-07-26T00:10:48.000Z,1,STRUCTURING,high
syn_evt_00000000e372_000000001b7bbb58,wallet,syn_w_0000000000000258,2026-07-26T00:12:00.000Z,1,STRUCTURING,high
syn_evt_00000000e373_000000001b7bda47,wallet,syn_w_0000000000000258,2026-07-26T00:13:12.000Z,1,STRUCTURING,high
syn_evt_00000000e374_000000001b7bf936,wallet,syn_w_0000000000000258,2026-07-26T00:14:24.000Z,1,STRUCTURING,high
syn_evt_00000000e375_000000001b7c1825,wallet,syn_w_0000000000000258,2026-07-26T00:15:36.000Z,1,STRUCTURING,high
syn_evt_00000000e376_000000001b7c3714,wallet,syn_w_0000000000000258,2026-07-26T00:16:48.000Z,1,STRUCTURING,high
syn_evt_00000000e377_000000001b7c5603,wallet,syn_w_0000000000000258,2026-07-26T00:18:00.000Z,1,STRUCTURING,high
syn_evt_00000000e378_000000001b7c74f2,wallet,syn_w_0000000000000258,2026-07-26T00:19:12.000Z,1,STRUCTURING,high
syn_evt_00000000e379_000000001b7c93e1,wallet,syn_w_0000000000000258,2026-07-26T00:20:24.000Z,1,STRUCTURING,high
syn_evt_00000000e37a_000000001b7cb2d0,wallet,syn_w_0000000000000258,2026-07-26T00:21:36.000Z,1,STRUCTURING,high
syn_evt_00000000e37b_000000001b7cd1bf,wallet,syn_w_0000000000000258,2026-07-26T00:22:48.000Z,1,STRUCTURING,high
syn_evt_00000000e37c_000000001b7cf0ae,wallet,syn_w_0000000000000258,2026-07-26T00:24:00.000Z,1,STRUCTURING,high
syn_evt_00000000e37d_000000001b7d0f9d,wallet,syn_w_0000000000000258,2026-07-26T00:25:12.000Z,1,STRUCTURING,high
syn_evt_00000000e37e_000000001b7d2e8c,wallet,syn_w_0000000000000258,2026-07-26T00:26:24.000Z,1,STRUCTURING,high
syn_evt_00000000e37f_000000001b7d4d7b,wallet,syn_w_0000000000000258,2026-07-26T00:27:36.000Z,1,STRUCTURING,high
syn_evt_00000000e380_000000001b7d6c6a,wallet,syn_w_0000000000000258,2026-07-26T00:28:48.000Z,1,STRUCTURING,high
syn_evt_00000000e381_000000001b7d8b59,wallet,syn_w_0000000000000258,2026-07-26T00:30:00.000Z,1,STRUCTURING,high
syn_evt_00000000e382_000000001b7daa48,wallet,syn_w_0000000000000258,2026-07-26T00:31:12.000Z,1,STRUCTURING,high
syn_evt_00000000e383_000000001b7dc937,wallet,syn_w_0000000000000258,2026-07-26T00:32:24.000Z,1,STRUCTURING,high
syn_evt_00000000e384_000000001b7de826,wallet,syn_w_0000000000000258,2026-07-26T00:33:36.000Z,1,STRUCTURING,high
syn_evt_00000000e385_000000001b7e0715,wallet,syn_w_0000000000000258,2026-07-26T00:34:48.000Z,1,STRUCTURING,high
syn_evt_00000000e386_000000001b7e2604,wallet,syn_w_0000000000000258,2026-07-26T00:36:00.000Z,1,STRUCTURING,high
syn_evt_00000000e387_000000001b7e44f3,wallet,syn_w_0000000000000258,2026-07-26T00:37:12.000Z,1,STRUCTURING,high
syn_evt_00000000e388_000000001b7e63e2,wallet,syn_w_0000000000000258,2026-07-26T00:38:24.000Z,1,STRUCTURING,high
syn_evt_00000000e389_000000001b7e82d1,wallet,syn_w_0000000000000258,2026-07-26T00:39:36.000Z,1,STRUCTURING,high
syn_evt_00000000e38a_000000001b7ea1c0,wallet,syn_w_0000000000000258,2026-07-26T00:40:48.000Z,1,STRUCTURING,high
syn_evt_00000000e38b_000000001b7ec0af,wallet,syn_w_0000000000000385,2026-07-05T00:00:00.000Z,1,PEEL_CHAIN,high
syn_evt_00000000e38c_000000001b7edf9e,wallet,syn_w_0000000000000386,2026-07-05T00:01:25.000Z,1,PEEL_CHAIN,high
syn_evt_00000000e38d_000000001b7efe8d,wallet,syn_w_0000000000000387,2026-07-05T00:02:50.000Z,1,PEEL_CHAIN,high
syn_evt_00000000e38e_000000001b7f1d7c,wallet,syn_w_0000000000000388,2026-07-05T00:04:15.000Z,1,PEEL_CHAIN,high
syn_evt_00000000e38f_000000001b7f3c6b,wallet,syn_w_0000000000000389,2026-07-05T00:05:40.000Z,1,PEEL_CHAIN,high
syn_evt_00000000e390_000000001b7f5b5a,wallet,syn_w_000000000000038a,2026-07-05T00:07:05.000Z,1,PEEL_CHAIN,high
syn_evt_00000000e391_000000001b7f7a49,wallet,syn_w_000000000000038b,2026-07-05T00:08:30.000Z,1,PEEL_CHAIN,high
syn_evt_00000000e392_000000001b7f9938,wallet,syn_w_000000000000038c,2026-07-05T00:09:55.000Z,1,PEEL_CHAIN,high
syn_evt_00000000e393_000000001b7fb827,wallet,syn_w_000000000000038d,2026-07-05T00:11:20.000Z,1,PEEL_CHAIN,high
syn_evt_00000000e394_000000001b7fd716,wallet,syn_w_000000000000038e,2026-07-05T00:12:45.000Z,1,PEEL_CHAIN,high
syn_evt_00000000e395_000000001b7ff605,wallet,syn_w_000000000000038f,2026-07-05T00:14:10.000Z,1,PEEL_CHAIN,high
syn_evt_00000000e396_000000001b8014f4,wallet,syn_w_0000000000000390,2026-07-05T00:15:35.000Z,1,PEEL_CHAIN,high
syn_evt_00000000e397_000000001b8033e3,wallet,syn_w_0000000000000385,2026-07-05T00:17:00.000Z,1,PEEL_CHAIN,high
syn_evt_00000000e398_000000001b8052d2,wallet,syn_w_0000000000000386,2026-07-05T00:18:25.000Z,1,PEEL_CHAIN,high
syn_evt_00000000e399_000000001b8071c1,wallet,syn_w_0000000000000387,2026-07-05T00:19:50.000Z,1,PEEL_CHAIN,high
syn_evt_00000000e39a_000000001b8090b0,wallet,syn_w_0000000000000388,2026-07-05T00:21:15.000Z,1,PEEL_CHAIN,high
syn_evt_00000000e39b_000000001b80af9f,wallet,syn_w_0000000000000389,2026-07-05T00:22:40.000Z,1,PEEL_CHAIN,high
syn_evt_00000000e39c_000000001b80ce8e,wallet,syn_w_000000000000038a,2026-07-05T00:24:05.000Z,1,PEEL_CHAIN,high
syn_evt_00000000e39d_000000001b80ed7d,wallet,syn_w_000000000000038b,2026-07-05T00:25:30.000Z,1,PEEL_CHAIN,high
syn_evt_00000000e39e_000000001b810c6c,wallet,syn_w_000000000000038c,2026-07-05T00:26:55.000Z,1,PEEL_CHAIN,high
syn_evt_00000000e39f_000000001b812b5b,wallet,syn_w_000000000000038d,2026-07-05T00:28:20.000Z,1,PEEL_CHAIN,high
syn_evt_00000000e3a0_000000001b814a4a,wallet,syn_w_000000000000038e,2026-07-05T00:29:45.000Z,1,PEEL_CHAIN,high
syn_evt_00000000e3a1_000000001b816939,wallet,syn_w_000000000000038f,2026-07-05T00:31:10.000Z,1,PEEL_CHAIN,high
syn_evt_00000000e3a2_000000001b818828,wallet,syn_w_0000000000000390,2026-07-05T00:32:35.000Z,1,PEEL_CHAIN,high
syn_evt_00000000e3a3_000000001b81a717,wallet,syn_w_0000000000000385,2026-07-05T00:34:00.000Z,1,PEEL_CHAIN,high
syn_evt_00000000e3a4_000000001b81c606,wallet,syn_w_0000000000000386,2026-07-05T00:35:25.000Z,1,PEEL_CHAIN,high
syn_evt_00000000e3a5_000000001b81e4f5,wallet,syn_w_0000000000000387,2026-07-05T00:36:50.000Z,1,PEEL_CHAIN,high
syn_evt_00000000e3a6_000000001b8203e4,wallet,syn_w_0000000000000388,2026-07-05T00:38:15.000Z,1,PEEL_CHAIN,high
syn_evt_00000000e3a7_000000001b8222d3,wallet,syn_w_0000000000000389,2026-07-05T00:39:40.000Z,1,PEEL_CHAIN,high
syn_evt_00000000e3a8_000000001b8241c2,wallet,syn_w_000000000000038a,2026-07-05T00:41:05.000Z,1,PEEL_CHAIN,high
syn_evt_00000000e3a9_000000001b8260b1,wallet,syn_w_000000000000038b,2026-07-05T00:42:30.000Z,1,PEEL_CHAIN,high
syn_evt_00000000e3aa_000000001b827fa0,wallet,syn_w_000000000000038c,2026-07-05T00:43:55.000Z,1,PEEL_CHAIN,high
syn_evt_00000000e3ab_000000001b829e8f,wallet,syn_w_000000000000038d,2026-07-05T00:45:20.000Z,1,PEEL_CHAIN,high
syn_evt_00000000e3ac_000000001b82bd7e,wallet,syn_w_000000000000038e,2026-07-05T00:46:45.000Z,1,PEEL_CHAIN,high
syn_evt_00000000e3ad_000000001b82dc6d,wallet,syn_w_000000000000038f,2026-07-05T00:48:10.000Z,1,PEEL_CHAIN,high
syn_evt_00000000e3ae_000000001b82fb5c,wallet,syn_w_0000000000000390,2026-07-05T00:49:35.000Z,1,PEEL_CHAIN,high
syn_evt_00000000e3af_000000001b831a4b,wallet,syn_w_0000000000000385,2026-07-05T00:51:00.000Z,1,PEEL_CHAIN,high
syn_evt_00000000e3b0_000000001b83393a,wallet,syn_w_0000000000000386,2026-07-05T00:52:25.000Z,1,PEEL_CHAIN,high
syn_evt_00000000e3b1_000000001b835829,wallet,syn_w_0000000000000387,2026-07-05T00:53:50.000Z,1,PEEL_CHAIN,high
syn_evt_00000000e3b2_000000001b837718,wallet,syn_w_0000000000000388,2026-07-05T00:55:15.000Z,1,PEEL_CHAIN,high
syn_evt_00000000e3b3_000000001b839607,wallet,syn_w_0000000000000389,2026-07-05T00:56:40.000Z,1,PEEL_CHAIN,high
syn_evt_00000000e3b4_000000001b83b4f6,wallet,syn_w_000000000000038a,2026-07-05T00:58:05.000Z,1,PEEL_CHAIN,high
syn_evt_00000000e3b5_000000001b83d3e5,wallet,syn_w_000000000000038b,2026-07-05T00:59:30.000Z,1,PEEL_CHAIN,high
syn_evt_00000000e3b6_000000001b83f2d4,wallet,syn_w_000000000000038c,2026-07-05T01:00:55.000Z,1,PEEL_CHAIN,high
syn_evt_00000000e3b7_000000001b8411c3,wallet,syn_w_000000000000038d,2026-07-05T01:02:20.000Z,1,PEEL_CHAIN,high
syn_evt_00000000e3b8_000000001b8430b2,wallet,syn_w_000000000000038e,2026-07-05T01:03:45.000Z,1,PEEL_CHAIN,high
syn_evt_00000000e3b9_000000001b844fa1,wallet,syn_w_000000000000038f,2026-07-05T01:05:10.000Z,1,PEEL_CHAIN,high
syn_evt_00000000e3ba_000000001b846e90,wallet,syn_w_0000000000000390,2026-07-05T01:06:35.000Z,1,PEEL_CHAIN,high
syn_evt_00000000e3bb_000000001b848d7f,wallet,syn_w_0000000000000385,2026-07-05T01:08:00.000Z,1,PEEL_CHAIN,high
syn_evt_00000000e3bc_000000001b84ac6e,wallet,syn_w_0000000000000386,2026-07-05T01:09:25.000Z,1,PEEL_CHAIN,high
syn_evt_00000000e3bd_000000001b84cb5d,wallet,syn_w_0000000000000387,2026-07-05T01:10:50.000Z,1,PEEL_CHAIN,high
syn_evt_00000000e3be_000000001b84ea4c,wallet,syn_w_0000000000000388,2026-07-05T01:12:15.000Z,1,PEEL_CHAIN,high
syn_evt_00000000e3bf_000000001b85093b,wallet,syn_w_0000000000000389,2026-07-05T01:13:40.000Z,1,PEEL_CHAIN,high
syn_evt_00000000e3c0_000000001b85282a,wallet,syn_w_000000000000038a,2026-07-05T01:15:05.000Z,1,PEEL_CHAIN,high
syn_evt_00000000e3c1_000000001b854719,wallet,syn_w_000000000000038b,2026-07-05T01:16:30.000Z,1,PEEL_CHAIN,high
syn_evt_00000000e3c2_000000001b856608,wallet,syn_w_000000000000038c,2026-07-05T01:17:55.000Z,1,PEEL_CHAIN,high
syn_evt_00000000e3c3_000000001b8584f7,wallet,syn_w_000000000000038d,2026-07-05T01:19:20.000Z,1,PEEL_CHAIN,high
syn_evt_00000000e3c4_000000001b85a3e6,wallet,syn_w_000000000000038e,2026-07-05T01:20:45.000Z,1,PEEL_CHAIN,high
syn_evt_00000000e3c5_000000001b85c2d5,wallet,syn_w_000000000000038f,2026-07-05T01:22:10.000Z,1,PEEL_CHAIN,high
syn_evt_00000000e3c6_000000001b85e1c4,wallet,syn_w_0000000000000390,2026-07-05T01:23:35.000Z,1,PEEL_CHAIN,high
syn_evt_00000000e3c7_000000001b8600b3,wallet,syn_w_0000000000000385,2026-07-05T01:25:00.000Z,1,PEEL_CHAIN,high
syn_evt_00000000e3c8_000000001b861fa2,wallet,syn_w_0000000000000386,2026-07-05T01:26:25.000Z,1,PEEL_CHAIN,high
syn_evt_00000000e3c9_000000001b863e91,wallet,syn_w_0000000000000387,2026-07-05T01:27:50.000Z,1,PEEL_CHAIN,high
syn_evt_00000000e3ca_000000001b865d80,wallet,syn_w_0000000000000388,2026-07-05T01:29:15.000Z,1,PEEL_CHAIN,high
syn_evt_00000000e3cb_000000001b867c6f,wallet,syn_w_0000000000000389,2026-07-05T01:30:40.000Z,1,PEEL_CHAIN,high
syn_evt_00000000e3cc_000000001b869b5e,wallet,syn_w_000000000000038a,2026-07-05T01:32:05.000Z,1,PEEL_CHAIN,high
syn_evt_00000000e3cd_000000001b86ba4d,wallet,syn_w_000000000000038b,2026-07-05T01:33:30.000Z,1,PEEL_CHAIN,high
syn_evt_00000000e3ce_000000001b86d93c,wallet,syn_w_000000000000038c,2026-07-05T01:34:55.000Z,1,PEEL_CHAIN,high
syn_evt_00000000e3cf_000000001b86f82b,wallet,syn_w_000000000000038d,2026-07-05T01:36:20.000Z,1,PEEL_CHAIN,high
syn_evt_00000000e3d0_000000001b87171a,wallet,syn_w_000000000000038e,2026-07-05T01:37:45.000Z,1,PEEL_CHAIN,high
syn_evt_00000000e3d1_000000001b873609,wallet,syn_w_000000000000038f,2026-07-05T01:39:10.000Z,1,PEEL_CHAIN,high
syn_evt_00000000e3d2_000000001b8754f8,wallet,syn_w_0000000000000390,2026-07-05T01:40:35.000Z,1,PEEL_CHAIN,high
syn_evt_00000000e3d3_000000001b8773e7,wallet,syn_w_0000000000000385,2026-07-05T01:42:00.000Z,1,PEEL_CHAIN,high
syn_evt_00000000e3d4_000000001b8792d6,wallet,syn_w_0000000000000386,2026-07-05T01:43:25.000Z,1,PEEL_CHAIN,high
syn_evt_00000000e3d5_000000001b87b1c5,wallet,syn_w_0000000000000387,2026-07-05T01:44:50.000Z,1,PEEL_CHAIN,high
syn_evt_00000000e3d6_000000001b87d0b4,wallet,syn_w_0000000000000388,2026-07-05T01:46:15.000Z,1,PEEL_CHAIN,high
syn_evt_00000000e3d7_000000001b87efa3,wallet,syn_w_0000000000000389,2026-07-05T01:47:40.000Z,1,PEEL_CHAIN,high
syn_evt_00000000e3d8_000000001b880e92,wallet,syn_w_000000000000038a,2026-07-05T01:49:05.000Z,1,PEEL_CHAIN,high
syn_evt_00000000e3d9_000000001b882d81,wallet,syn_w_000000000000038b,2026-07-05T01:50:30.000Z,1,PEEL_CHAIN,high
syn_evt_00000000e3da_000000001b884c70,wallet,syn_w_000000000000038c,2026-07-05T01:51:55.000Z,1,PEEL_CHAIN,high
syn_evt_00000000e3db_000000001b886b5f,wallet,syn_w_000000000000038d,2026-07-05T01:53:20.000Z,1,PEEL_CHAIN,high
syn_evt_00000000e3dc_000000001b888a4e,wallet,syn_w_000000000000038e,2026-07-05T01:54:45.000Z,1,PEEL_CHAIN,high
syn_evt_00000000e3dd_000000001b88a93d,wallet,syn_w_000000000000038f,2026-07-05T01:56:10.000Z,1,PEEL_CHAIN,high
syn_evt_00000000e3de_000000001b88c82c,wallet,syn_w_0000000000000390,2026-07-05T01:57:35.000Z,1,PEEL_CHAIN,high
syn_evt_00000000e3df_000000001b88e71b,wallet,syn_w_0000000000000385,2026-07-05T01:59:00.000Z,1,PEEL_CHAIN,high
syn_evt_00000000e3e0_000000001b89060a,wallet,syn_w_0000000000000386,2026-07-05T02:00:25.000Z,1,PEEL_CHAIN,high
syn_evt_00000000e3e1_000000001b8924f9,wallet,syn_w_0000000000000387,2026-07-05T02:01:50.000Z,1,PEEL_CHAIN,high
syn_evt_00000000e3e2_000000001b8943e8,wallet,syn_w_0000000000000388,2026-07-05T02:03:15.000Z,1,PEEL_CHAIN,high
syn_evt_00000000e3e3_000000001b8962d7,wallet,syn_w_0000000000000389,2026-07-05T02:04:40.000Z,1,PEEL_CHAIN,high
syn_evt_00000000e3e4_000000001b8981c6,wallet,syn_w_000000000000038a,2026-07-05T02:06:05.000Z,1,PEEL_CHAIN,high
syn_evt_00000000e3e5_000000001b89a0b5,wallet,syn_w_000000000000038b,2026-07-05T02:07:30.000Z,1,PEEL_CHAIN,high
syn_evt_00000000e3e6_000000001b89bfa4,wallet,syn_w_000000000000038c,2026-07-05T02:08:55.000Z,1,PEEL_CHAIN,high
syn_evt_00000000e3e7_000000001b89de93,wallet,syn_w_000000000000038d,2026-07-05T02:10:20.000Z,1,PEEL_CHAIN,high
syn_evt_00000000e3e8_000000001b89fd82,wallet,syn_w_000000000000038e,2026-07-05T02:11:45.000Z,1,PEEL_CHAIN,high
syn_evt_00000000e3e9_000000001b8a1c71,wallet,syn_w_000000000000038f,2026-07-05T02:13:10.000Z,1,PEEL_CHAIN,high
syn_evt_00000000e3ea_000000001b8a3b60,wallet,syn_w_0000000000000390,2026-07-05T02:14:35.000Z,1,PEEL_CHAIN,high
syn_evt_00000000e3eb_000000001b8a5a4f,wallet,syn_w_0000000000000385,2026-07-05T02:16:00.000Z,1,PEEL_CHAIN,high
syn_evt_00000000e3ec_000000001b8a793e,wallet,syn_w_0000000000000386,2026-07-05T02:17:25.000Z,1,PEEL_CHAIN,high
syn_evt_00000000e3ed_000000001b8a982d,wallet,syn_w_0000000000000387,2026-07-05T02:18:50.000Z,1,PEEL_CHAIN,high
syn_evt_00000000e3ee_000000001b8ab71c,wallet,syn_w_0000000000000388,2026-07-05T02:20:15.000Z,1,PEEL_CHAIN,high
syn_evt_00000000e3ef_000000001b8ad60b,wallet,syn_w_000000000000044d,2026-07-13T00:00:00.000Z,1,PEEL_CHAIN,high
syn_evt_00000000e3f0_000000001b8af4fa,wallet,syn_w_000000000000044e,2026-07-13T00:01:25.000Z,1,PEEL_CHAIN,high
syn_evt_00000000e3f1_000000001b8b13e9,wallet,syn_w_000000000000044f,2026-07-13T00:02:50.000Z,1,PEEL_CHAIN,high
syn_evt_00000000e3f2_000000001b8b32d8,wallet,syn_w_0000000000000450,2026-07-13T00:04:15.000Z,1,PEEL_CHAIN,high
syn_evt_00000000e3f3_000000001b8b51c7,wallet,syn_w_0000000000000451,2026-07-13T00:05:40.000Z,1,PEEL_CHAIN,high
syn_evt_00000000e3f4_000000001b8b70b6,wallet,syn_w_0000000000000452,2026-07-13T00:07:05.000Z,1,PEEL_CHAIN,high
syn_evt_00000000e3f5_000000001b8b8fa5,wallet,syn_w_0000000000000453,2026-07-13T00:08:30.000Z,1,PEEL_CHAIN,high
syn_evt_00000000e3f6_000000001b8bae94,wallet,syn_w_0000000000000454,2026-07-13T00:09:55.000Z,1,PEEL_CHAIN,high
syn_evt_00000000e3f7_000000001b8bcd83,wallet,syn_w_0000000000000455,2026-07-13T00:11:20.000Z,1,PEEL_CHAIN,high
syn_evt_00000000e3f8_000000001b8bec72,wallet,syn_w_0000000000000456,2026-07-13T00:12:45.000Z,1,PEEL_CHAIN,high
syn_evt_00000000e3f9_000000001b8c0b61,wallet,syn_w_0000000000000457,2026-07-13T00:14:10.000Z,1,PEEL_CHAIN,high
syn_evt_00000000e3fa_000000001b8c2a50,wallet,syn_w_0000000000000458,2026-07-13T00:15:35.000Z,1,PEEL_CHAIN,high
syn_evt_00000000e3fb_000000001b8c493f,wallet,syn_w_000000000000044d,2026-07-13T00:17:00.000Z,1,PEEL_CHAIN,high
syn_evt_00000000e3fc_000000001b8c682e,wallet,syn_w_000000000000044e,2026-07-13T00:18:25.000Z,1,PEEL_CHAIN,high
syn_evt_00000000e3fd_000000001b8c871d,wallet,syn_w_000000000000044f,2026-07-13T00:19:50.000Z,1,PEEL_CHAIN,high
syn_evt_00000000e3fe_000000001b8ca60c,wallet,syn_w_0000000000000450,2026-07-13T00:21:15.000Z,1,PEEL_CHAIN,high
syn_evt_00000000e3ff_000000001b8cc4fb,wallet,syn_w_0000000000000451,2026-07-13T00:22:40.000Z,1,PEEL_CHAIN,high
syn_evt_00000000e400_000000001b8ce3ea,wallet,syn_w_0000000000000452,2026-07-13T00:24:05.000Z,1,PEEL_CHAIN,high
syn_evt_00000000e401_000000001b8d02d9,wallet,syn_w_0000000000000453,2026-07-13T00:25:30.000Z,1,PEEL_CHAIN,high
syn_evt_00000000e402_000000001b8d21c8,wallet,syn_w_0000000000000454,2026-07-13T00:26:55.000Z,1,PEEL_CHAIN,high
syn_evt_00000000e403_000000001b8d40b7,wallet,syn_w_0000000000000455,2026-07-13T00:28:20.000Z,1,PEEL_CHAIN,high
syn_evt_00000000e404_000000001b8d5fa6,wallet,syn_w_0000000000000456,2026-07-13T00:29:45.000Z,1,PEEL_CHAIN,high
syn_evt_00000000e405_000000001b8d7e95,wallet,syn_w_0000000000000457,2026-07-13T00:31:10.000Z,1,PEEL_CHAIN,high
syn_evt_00000000e406_000000001b8d9d84,wallet,syn_w_0000000000000458,2026-07-13T00:32:35.000Z,1,PEEL_CHAIN,high
syn_evt_00000000e407_000000001b8dbc73,wallet,syn_w_000000000000044d,2026-07-13T00:34:00.000Z,1,PEEL_CHAIN,high
syn_evt_00000000e408_000000001b8ddb62,wallet,syn_w_000000000000044e,2026-07-13T00:35:25.000Z,1,PEEL_CHAIN,high
syn_evt_00000000e409_000000001b8dfa51,wallet,syn_w_000000000000044f,2026-07-13T00:36:50.000Z,1,PEEL_CHAIN,high
syn_evt_00000000e40a_000000001b8e1940,wallet,syn_w_0000000000000450,2026-07-13T00:38:15.000Z,1,PEEL_CHAIN,high
syn_evt_00000000e40b_000000001b8e382f,wallet,syn_w_0000000000000451,2026-07-13T00:39:40.000Z,1,PEEL_CHAIN,high
syn_evt_00000000e40c_000000001b8e571e,wallet,syn_w_0000000000000452,2026-07-13T00:41:05.000Z,1,PEEL_CHAIN,high
syn_evt_00000000e40d_000000001b8e760d,wallet,syn_w_0000000000000453,2026-07-13T00:42:30.000Z,1,PEEL_CHAIN,high
syn_evt_00000000e40e_000000001b8e94fc,wallet,syn_w_0000000000000454,2026-07-13T00:43:55.000Z,1,PEEL_CHAIN,high
syn_evt_00000000e40f_000000001b8eb3eb,wallet,syn_w_0000000000000455,2026-07-13T00:45:20.000Z,1,PEEL_CHAIN,high
syn_evt_00000000e410_000000001b8ed2da,wallet,syn_w_0000000000000456,2026-07-13T00:46:45.000Z,1,PEEL_CHAIN,high
syn_evt_00000000e411_000000001b8ef1c9,wallet,syn_w_0000000000000457,2026-07-13T00:48:10.000Z,1,PEEL_CHAIN,high
syn_evt_00000000e412_000000001b8f10b8,wallet,syn_w_0000000000000458,2026-07-13T00:49:35.000Z,1,PEEL_CHAIN,high
syn_evt_00000000e413_000000001b8f2fa7,wallet,syn_w_000000000000044d,2026-07-13T00:51:00.000Z,1,PEEL_CHAIN,high
syn_evt_00000000e414_000000001b8f4e96,wallet,syn_w_000000000000044e,2026-07-13T00:52:25.000Z,1,PEEL_CHAIN,high
syn_evt_00000000e415_000000001b8f6d85,wallet,syn_w_000000000000044f,2026-07-13T00:53:50.000Z,1,PEEL_CHAIN,high
syn_evt_00000000e416_000000001b8f8c74,wallet,syn_w_0000000000000450,2026-07-13T00:55:15.000Z,1,PEEL_CHAIN,high
syn_evt_00000000e417_000000001b8fab63,wallet,syn_w_0000000000000451,2026-07-13T00:56:40.000Z,1,PEEL_CHAIN,high
syn_evt_00000000e418_000000001b8fca52,wallet,syn_w_0000000000000452,2026-07-13T00:58:05.000Z,1,PEEL_CHAIN,high
syn_evt_00000000e419_000000001b8fe941,wallet,syn_w_0000000000000453,2026-07-13T00:59:30.000Z,1,PEEL_CHAIN,high
syn_evt_00000000e41a_000000001b900830,wallet,syn_w_0000000000000454,2026-07-13T01:00:55.000Z,1,PEEL_CHAIN,high
syn_evt_00000000e41b_000000001b90271f,wallet,syn_w_0000000000000455,2026-07-13T01:02:20.000Z,1,PEEL_CHAIN,high
syn_evt_00000000e41c_000000001b90460e,wallet,syn_w_0000000000000456,2026-07-13T01:03:45.000Z,1,PEEL_CHAIN,high
syn_evt_00000000e41d_000000001b9064fd,wallet,syn_w_0000000000000457,2026-07-13T01:05:10.000Z,1,PEEL_CHAIN,high
syn_evt_00000000e41e_000000001b9083ec,wallet,syn_w_0000000000000458,2026-07-13T01:06:35.000Z,1,PEEL_CHAIN,high
syn_evt_00000000e41f_000000001b90a2db,wallet,syn_w_000000000000044d,2026-07-13T01:08:00.000Z,1,PEEL_CHAIN,high
syn_evt_00000000e420_000000001b90c1ca,wallet,syn_w_000000000000044e,2026-07-13T01:09:25.000Z,1,PEEL_CHAIN,high
syn_evt_00000000e421_000000001b90e0b9,wallet,syn_w_000000000000044f,2026-07-13T01:10:50.000Z,1,PEEL_CHAIN,high
syn_evt_00000000e422_000000001b90ffa8,wallet,syn_w_0000000000000450,2026-07-13T01:12:15.000Z,1,PEEL_CHAIN,high
syn_evt_00000000e423_000000001b911e97,wallet,syn_w_0000000000000451,2026-07-13T01:13:40.000Z,1,PEEL_CHAIN,high
syn_evt_00000000e424_000000001b913d86,wallet,syn_w_0000000000000452,2026-07-13T01:15:05.000Z,1,PEEL_CHAIN,high
syn_evt_00000000e425_000000001b915c75,wallet,syn_w_0000000000000453,2026-07-13T01:16:30.000Z,1,PEEL_CHAIN,high
syn_evt_00000000e426_000000001b917b64,wallet,syn_w_0000000000000454,2026-07-13T01:17:55.000Z,1,PEEL_CHAIN,high
syn_evt_00000000e427_000000001b919a53,wallet,syn_w_0000000000000455,2026-07-13T01:19:20.000Z,1,PEEL_CHAIN,high
syn_evt_00000000e428_000000001b91b942,wallet,syn_w_0000000000000456,2026-07-13T01:20:45.000Z,1,PEEL_CHAIN,high
syn_evt_00000000e429_000000001b91d831,wallet,syn_w_0000000000000457,2026-07-13T01:22:10.000Z,1,PEEL_CHAIN,high
syn_evt_00000000e42a_000000001b91f720,wallet,syn_w_0000000000000458,2026-07-13T01:23:35.000Z,1,PEEL_CHAIN,high
syn_evt_00000000e42b_000000001b92160f,wallet,syn_w_000000000000044d,2026-07-13T01:25:00.000Z,1,PEEL_CHAIN,high
syn_evt_00000000e42c_000000001b9234fe,wallet,syn_w_000000000000044e,2026-07-13T01:26:25.000Z,1,PEEL_CHAIN,high
syn_evt_00000000e42d_000000001b9253ed,wallet,syn_w_000000000000044f,2026-07-13T01:27:50.000Z,1,PEEL_CHAIN,high
syn_evt_00000000e42e_000000001b9272dc,wallet,syn_w_0000000000000450,2026-07-13T01:29:15.000Z,1,PEEL_CHAIN,high
syn_evt_00000000e42f_000000001b9291cb,wallet,syn_w_0000000000000451,2026-07-13T01:30:40.000Z,1,PEEL_CHAIN,high
syn_evt_00000000e430_000000001b92b0ba,wallet,syn_w_0000000000000452,2026-07-13T01:32:05.000Z,1,PEEL_CHAIN,high
syn_evt_00000000e431_000000001b92cfa9,wallet,syn_w_0000000000000453,2026-07-13T01:33:30.000Z,1,PEEL_CHAIN,high
syn_evt_00000000e432_000000001b92ee98,wallet,syn_w_0000000000000454,2026-07-13T01:34:55.000Z,1,PEEL_CHAIN,high
syn_evt_00000000e433_000000001b930d87,wallet,syn_w_0000000000000455,2026-07-13T01:36:20.000Z,1,PEEL_CHAIN,high
syn_evt_00000000e434_000000001b932c76,wallet,syn_w_0000000000000456,2026-07-13T01:37:45.000Z,1,PEEL_CHAIN,high
syn_evt_00000000e435_000000001b934b65,wallet,syn_w_0000000000000457,2026-07-13T01:39:10.000Z,1,PEEL_CHAIN,high
syn_evt_00000000e436_000000001b936a54,wallet,syn_w_0000000000000458,2026-07-13T01:40:35.000Z,1,PEEL_CHAIN,high
syn_evt_00000000e437_000000001b938943,wallet,syn_w_000000000000044d,2026-07-13T01:42:00.000Z,1,PEEL_CHAIN,high
syn_evt_00000000e438_000000001b93a832,wallet,syn_w_000000000000044e,2026-07-13T01:43:25.000Z,1,PEEL_CHAIN,high
syn_evt_00000000e439_000000001b93c721,wallet,syn_w_000000000000044f,2026-07-13T01:44:50.000Z,1,PEEL_CHAIN,high
syn_evt_00000000e43a_000000001b93e610,wallet,syn_w_0000000000000515,2026-07-20T00:00:00.000Z,1,PEEL_CHAIN,high
syn_evt_00000000e43b_000000001b9404ff,wallet,syn_w_0000000000000516,2026-07-20T00:01:25.000Z,1,PEEL_CHAIN,high
syn_evt_00000000e43c_000000001b9423ee,wallet,syn_w_0000000000000517,2026-07-20T00:02:50.000Z,1,PEEL_CHAIN,high
syn_evt_00000000e43d_000000001b9442dd,wallet,syn_w_0000000000000518,2026-07-20T00:04:15.000Z,1,PEEL_CHAIN,high
syn_evt_00000000e43e_000000001b9461cc,wallet,syn_w_0000000000000519,2026-07-20T00:05:40.000Z,1,PEEL_CHAIN,high
syn_evt_00000000e43f_000000001b9480bb,wallet,syn_w_000000000000051a,2026-07-20T00:07:05.000Z,1,PEEL_CHAIN,high
syn_evt_00000000e440_000000001b949faa,wallet,syn_w_000000000000051b,2026-07-20T00:08:30.000Z,1,PEEL_CHAIN,high
syn_evt_00000000e441_000000001b94be99,wallet,syn_w_000000000000051c,2026-07-20T00:09:55.000Z,1,PEEL_CHAIN,high
syn_evt_00000000e442_000000001b94dd88,wallet,syn_w_000000000000051d,2026-07-20T00:11:20.000Z,1,PEEL_CHAIN,high
syn_evt_00000000e443_000000001b94fc77,wallet,syn_w_000000000000051e,2026-07-20T00:12:45.000Z,1,PEEL_CHAIN,high
syn_evt_00000000e444_000000001b951b66,wallet,syn_w_000000000000051f,2026-07-20T00:14:10.000Z,1,PEEL_CHAIN,high
syn_evt_00000000e445_000000001b953a55,wallet,syn_w_0000000000000520,2026-07-20T00:15:35.000Z,1,PEEL_CHAIN,high
syn_evt_00000000e446_000000001b955944,wallet,syn_w_0000000000000515,2026-07-20T00:17:00.000Z,1,PEEL_CHAIN,high
syn_evt_00000000e447_000000001b957833,wallet,syn_w_0000000000000516,2026-07-20T00:18:25.000Z,1,PEEL_CHAIN,high
syn_evt_00000000e448_000000001b959722,wallet,syn_w_0000000000000517,2026-07-20T00:19:50.000Z,1,PEEL_CHAIN,high
syn_evt_00000000e449_000000001b95b611,wallet,syn_w_0000000000000518,2026-07-20T00:21:15.000Z,1,PEEL_CHAIN,high
syn_evt_00000000e44a_000000001b95d500,wallet,syn_w_0000000000000519,2026-07-20T00:22:40.000Z,1,PEEL_CHAIN,high
syn_evt_00000000e44b_000000001b95f3ef,wallet,syn_w_000000000000051a,2026-07-20T00:24:05.000Z,1,PEEL_CHAIN,high
syn_evt_00000000e44c_000000001b9612de,wallet,syn_w_000000000000051b,2026-07-20T00:25:30.000Z,1,PEEL_CHAIN,high
syn_evt_00000000e44d_000000001b9631cd,wallet,syn_w_000000000000051c,2026-07-20T00:26:55.000Z,1,PEEL_CHAIN,high
syn_evt_00000000e44e_000000001b9650bc,wallet,syn_w_000000000000051d,2026-07-20T00:28:20.000Z,1,PEEL_CHAIN,high
syn_evt_00000000e44f_000000001b966fab,wallet,syn_w_000000000000051e,2026-07-20T00:29:45.000Z,1,PEEL_CHAIN,high
syn_evt_00000000e450_000000001b968e9a,wallet,syn_w_000000000000051f,2026-07-20T00:31:10.000Z,1,PEEL_CHAIN,high
syn_evt_00000000e451_000000001b96ad89,wallet,syn_w_0000000000000520,2026-07-20T00:32:35.000Z,1,PEEL_CHAIN,high
syn_evt_00000000e452_000000001b96cc78,wallet,syn_w_0000000000000515,2026-07-20T00:34:00.000Z,1,PEEL_CHAIN,high
syn_evt_00000000e453_000000001b96eb67,wallet,syn_w_0000000000000516,2026-07-20T00:35:25.000Z,1,PEEL_CHAIN,high
syn_evt_00000000e454_000000001b970a56,wallet,syn_w_0000000000000517,2026-07-20T00:36:50.000Z,1,PEEL_CHAIN,high
syn_evt_00000000e455_000000001b972945,wallet,syn_w_0000000000000518,2026-07-20T00:38:15.000Z,1,PEEL_CHAIN,high
syn_evt_00000000e456_000000001b974834,wallet,syn_w_0000000000000519,2026-07-20T00:39:40.000Z,1,PEEL_CHAIN,high
syn_evt_00000000e457_000000001b976723,wallet,syn_w_000000000000051a,2026-07-20T00:41:05.000Z,1,PEEL_CHAIN,high
syn_evt_00000000e458_000000001b978612,wallet,syn_w_000000000000051b,2026-07-20T00:42:30.000Z,1,PEEL_CHAIN,high
syn_evt_00000000e459_000000001b97a501,wallet,syn_w_000000000000051c,2026-07-20T00:43:55.000Z,1,PEEL_CHAIN,high
syn_evt_00000000e45a_000000001b97c3f0,wallet,syn_w_000000000000051d,2026-07-20T00:45:20.000Z,1,PEEL_CHAIN,high
syn_evt_00000000e45b_000000001b97e2df,wallet,syn_w_000000000000051e,2026-07-20T00:46:45.000Z,1,PEEL_CHAIN,high
syn_evt_00000000e45c_000000001b9801ce,wallet,syn_w_000000000000051f,2026-07-20T00:48:10.000Z,1,PEEL_CHAIN,high
syn_evt_00000000e45d_000000001b9820bd,wallet,syn_w_0000000000000520,2026-07-20T00:49:35.000Z,1,PEEL_CHAIN,high
syn_evt_00000000e45e_000000001b983fac,wallet,syn_w_0000000000000515,2026-07-20T00:51:00.000Z,1,PEEL_CHAIN,high
syn_evt_00000000e45f_000000001b985e9b,wallet,syn_w_0000000000000516,2026-07-20T00:52:25.000Z,1,PEEL_CHAIN,high
syn_evt_00000000e460_000000001b987d8a,wallet,syn_w_0000000000000517,2026-07-20T00:53:50.000Z,1,PEEL_CHAIN,high
syn_evt_00000000e461_000000001b989c79,wallet,syn_w_0000000000000518,2026-07-20T00:55:15.000Z,1,PEEL_CHAIN,high
syn_evt_00000000e462_000000001b98bb68,wallet,syn_w_00000000000005dd,2026-07-26T00:00:00.000Z,1,PEEL_CHAIN,high
syn_evt_00000000e463_000000001b98da57,wallet,syn_w_00000000000005de,2026-07-26T00:01:25.000Z,1,PEEL_CHAIN,high
syn_evt_00000000e464_000000001b98f946,wallet,syn_w_00000000000005df,2026-07-26T00:02:50.000Z,1,PEEL_CHAIN,high
syn_evt_00000000e465_000000001b991835,wallet,syn_w_00000000000005e0,2026-07-26T00:04:15.000Z,1,PEEL_CHAIN,high
syn_evt_00000000e466_000000001b993724,wallet,syn_w_00000000000005e1,2026-07-26T00:05:40.000Z,1,PEEL_CHAIN,high
syn_evt_00000000e467_000000001b995613,wallet,syn_w_00000000000005e2,2026-07-26T00:07:05.000Z,1,PEEL_CHAIN,high
syn_evt_00000000e468_000000001b997502,wallet,syn_w_00000000000005e3,2026-07-26T00:08:30.000Z,1,PEEL_CHAIN,high
syn_evt_00000000e469_000000001b9993f1,wallet,syn_w_00000000000005e4,2026-07-26T00:09:55.000Z,1,PEEL_CHAIN,high
syn_evt_00000000e46a_000000001b99b2e0,wallet,syn_w_00000000000005e5,2026-07-26T00:11:20.000Z,1,PEEL_CHAIN,high
syn_evt_00000000e46b_000000001b99d1cf,wallet,syn_w_00000000000005e6,2026-07-26T00:12:45.000Z,1,PEEL_CHAIN,high
syn_evt_00000000e46c_000000001b99f0be,wallet,syn_w_00000000000005e7,2026-07-26T00:14:10.000Z,1,PEEL_CHAIN,high
syn_evt_00000000e46d_000000001b9a0fad,wallet,syn_w_00000000000005e8,2026-07-26T00:15:35.000Z,1,PEEL_CHAIN,high
syn_evt_00000000e46e_000000001b9a2e9c,wallet,syn_w_00000000000005dd,2026-07-26T00:17:00.000Z,1,PEEL_CHAIN,high
syn_evt_00000000e46f_000000001b9a4d8b,wallet,syn_w_00000000000005de,2026-07-26T00:18:25.000Z,1,PEEL_CHAIN,high
syn_evt_00000000e470_000000001b9a6c7a,wallet,syn_w_00000000000005df,2026-07-26T00:19:50.000Z,1,PEEL_CHAIN,high
syn_evt_00000000e471_000000001b9a8b69,wallet,syn_w_00000000000005e0,2026-07-26T00:21:15.000Z,1,PEEL_CHAIN,high
syn_evt_00000000e472_000000001b9aaa58,wallet,syn_w_00000000000005e1,2026-07-26T00:22:40.000Z,1,PEEL_CHAIN,high
syn_evt_00000000e473_000000001b9ac947,wallet,syn_w_00000000000005e2,2026-07-26T00:24:05.000Z,1,PEEL_CHAIN,high
syn_evt_00000000e474_000000001b9ae836,wallet,syn_w_00000000000005e3,2026-07-26T00:25:30.000Z,1,PEEL_CHAIN,high
syn_evt_00000000e475_000000001b9b0725,wallet,syn_w_00000000000005e4,2026-07-26T00:26:55.000Z,1,PEEL_CHAIN,high
syn_evt_00000000e476_000000001b9b2614,wallet,syn_w_00000000000005e5,2026-07-26T00:28:20.000Z,1,PEEL_CHAIN,high
syn_evt_00000000e477_000000001b9b4503,wallet,syn_w_00000000000005e6,2026-07-26T00:29:45.000Z,1,PEEL_CHAIN,high
syn_evt_00000000e478_000000001b9b63f2,wallet,syn_w_00000000000005e7,2026-07-26T00:31:10.000Z,1,PEEL_CHAIN,high
syn_evt_00000000e479_000000001b9b82e1,wallet,syn_w_00000000000005e8,2026-07-26T00:32:35.000Z,1,PEEL_CHAIN,high
syn_evt_00000000e47a_000000001b9ba1d0,wallet,syn_w_00000000000005dd,2026-07-26T00:34:00.000Z,1,PEEL_CHAIN,high
syn_evt_00000000e47b_000000001b9bc0bf,wallet,syn_w_00000000000005de,2026-07-26T00:35:25.000Z,1,PEEL_CHAIN,high
syn_evt_00000000e47c_000000001b9bdfae,wallet,syn_w_00000000000005df,2026-07-26T00:36:50.000Z,1,PEEL_CHAIN,high
syn_evt_00000000e47d_000000001b9bfe9d,wallet,syn_w_00000000000005e0,2026-07-26T00:38:15.000Z,1,PEEL_CHAIN,high
syn_evt_00000000e47e_000000001b9c1d8c,wallet,syn_w_00000000000005e1,2026-07-26T00:39:40.000Z,1,PEEL_CHAIN,high
syn_evt_00000000e47f_000000001b9c3c7b,wallet,syn_w_00000000000005e2,2026-07-26T00:41:05.000Z,1,PEEL_CHAIN,high
syn_evt_00000000e480_000000001b9c5b6a,wallet,syn_w_00000000000005e3,2026-07-26T00:42:30.000Z,1,PEEL_CHAIN,high
syn_evt_00000000e481_000000001b9c7a59,wallet,syn_w_00000000000005e4,2026-07-26T00:43:55.000Z,1,PEEL_CHAIN,high
syn_evt_00000000e482_000000001b9c9948,wallet,syn_w_00000000000005e5,2026-07-26T00:45:20.000Z,1,PEEL_CHAIN,high
syn_evt_00000000e483_000000001b9cb837,wallet,syn_w_00000000000005e6,2026-07-26T00:46:45.000Z,1,PEEL_CHAIN,high
syn_evt_00000000e484_000000001b9cd726,wallet,syn_w_00000000000005e7,2026-07-26T00:48:10.000Z,1,PEEL_CHAIN,high
syn_evt_00000000e485_000000001b9cf615,wallet,syn_w_0000000000000709,2026-07-05T00:00:00.000Z,1,RAPID_HOP,critical
syn_evt_00000000e486_000000001b9d1504,wallet,syn_w_000000000000070a,2026-07-05T00:00:17.000Z,1,RAPID_HOP,critical
syn_evt_00000000e487_000000001b9d33f3,wallet,syn_w_000000000000070b,2026-07-05T00:00:34.000Z,1,RAPID_HOP,critical
syn_evt_00000000e488_000000001b9d52e2,wallet,syn_w_000000000000070c,2026-07-05T00:00:51.000Z,1,RAPID_HOP,critical
syn_evt_00000000e489_000000001b9d71d1,wallet,syn_w_000000000000070d,2026-07-05T00:01:08.000Z,1,RAPID_HOP,critical
syn_evt_00000000e48a_000000001b9d90c0,wallet,syn_w_000000000000070e,2026-07-05T00:01:25.000Z,1,RAPID_HOP,critical
syn_evt_00000000e48b_000000001b9dafaf,wallet,syn_w_000000000000070f,2026-07-05T00:01:42.000Z,1,RAPID_HOP,critical
syn_evt_00000000e48c_000000001b9dce9e,wallet,syn_w_0000000000000710,2026-07-05T00:01:59.000Z,1,RAPID_HOP,critical
syn_evt_00000000e48d_000000001b9ded8d,wallet,syn_w_0000000000000711,2026-07-05T00:02:16.000Z,1,RAPID_HOP,critical
syn_evt_00000000e48e_000000001b9e0c7c,wallet,syn_w_0000000000000712,2026-07-05T00:02:33.000Z,1,RAPID_HOP,critical
syn_evt_00000000e48f_000000001b9e2b6b,wallet,syn_w_0000000000000709,2026-07-05T00:02:50.000Z,1,RAPID_HOP,critical
syn_evt_00000000e490_000000001b9e4a5a,wallet,syn_w_000000000000070a,2026-07-05T00:03:07.000Z,1,RAPID_HOP,critical
syn_evt_00000000e491_000000001b9e6949,wallet,syn_w_000000000000070b,2026-07-05T00:03:24.000Z,1,RAPID_HOP,critical
syn_evt_00000000e492_000000001b9e8838,wallet,syn_w_000000000000070c,2026-07-05T00:03:41.000Z,1,RAPID_HOP,critical
syn_evt_00000000e493_000000001b9ea727,wallet,syn_w_000000000000070d,2026-07-05T00:03:58.000Z,1,RAPID_HOP,critical
syn_evt_00000000e494_000000001b9ec616,wallet,syn_w_000000000000070e,2026-07-05T00:04:15.000Z,1,RAPID_HOP,critical
syn_evt_00000000e495_000000001b9ee505,wallet,syn_w_000000000000070f,2026-07-05T00:04:32.000Z,1,RAPID_HOP,critical
syn_evt_00000000e496_000000001b9f03f4,wallet,syn_w_0000000000000710,2026-07-05T00:04:49.000Z,1,RAPID_HOP,critical
syn_evt_00000000e497_000000001b9f22e3,wallet,syn_w_0000000000000711,2026-07-05T00:05:06.000Z,1,RAPID_HOP,critical
syn_evt_00000000e498_000000001b9f41d2,wallet,syn_w_0000000000000712,2026-07-05T00:05:23.000Z,1,RAPID_HOP,critical
syn_evt_00000000e499_000000001b9f60c1,wallet,syn_w_0000000000000709,2026-07-05T00:05:40.000Z,1,RAPID_HOP,critical
syn_evt_00000000e49a_000000001b9f7fb0,wallet,syn_w_000000000000070a,2026-07-05T00:05:57.000Z,1,RAPID_HOP,critical
syn_evt_00000000e49b_000000001b9f9e9f,wallet,syn_w_000000000000070b,2026-07-05T00:06:14.000Z,1,RAPID_HOP,critical
syn_evt_00000000e49c_000000001b9fbd8e,wallet,syn_w_000000000000070c,2026-07-05T00:06:31.000Z,1,RAPID_HOP,critical
syn_evt_00000000e49d_000000001b9fdc7d,wallet,syn_w_000000000000070d,2026-07-05T00:06:48.000Z,1,RAPID_HOP,critical
syn_evt_00000000e49e_000000001b9ffb6c,wallet,syn_w_000000000000070e,2026-07-05T00:07:05.000Z,1,RAPID_HOP,critical
syn_evt_00000000e49f_000000001ba01a5b,wallet,syn_w_000000000000070f,2026-07-05T00:07:22.000Z,1,RAPID_HOP,critical
syn_evt_00000000e4a0_000000001ba0394a,wallet,syn_w_0000000000000710,2026-07-05T00:07:39.000Z,1,RAPID_HOP,critical
syn_evt_00000000e4a1_000000001ba05839,wallet,syn_w_0000000000000711,2026-07-05T00:07:56.000Z,1,RAPID_HOP,critical
syn_evt_00000000e4a2_000000001ba07728,wallet,syn_w_0000000000000712,2026-07-05T00:08:13.000Z,1,RAPID_HOP,critical
syn_evt_00000000e4a3_000000001ba09617,wallet,syn_w_0000000000000709,2026-07-05T00:08:30.000Z,1,RAPID_HOP,critical
syn_evt_00000000e4a4_000000001ba0b506,wallet,syn_w_000000000000070a,2026-07-05T00:08:47.000Z,1,RAPID_HOP,critical
syn_evt_00000000e4a5_000000001ba0d3f5,wallet,syn_w_000000000000070b,2026-07-05T00:09:04.000Z,1,RAPID_HOP,critical
syn_evt_00000000e4a6_000000001ba0f2e4,wallet,syn_w_000000000000070c,2026-07-05T00:09:21.000Z,1,RAPID_HOP,critical
syn_evt_00000000e4a7_000000001ba111d3,wallet,syn_w_000000000000070d,2026-07-05T00:09:38.000Z,1,RAPID_HOP,critical
syn_evt_00000000e4a8_000000001ba130c2,wallet,syn_w_000000000000070e,2026-07-05T00:09:55.000Z,1,RAPID_HOP,critical
syn_evt_00000000e4a9_000000001ba14fb1,wallet,syn_w_000000000000070f,2026-07-05T00:10:12.000Z,1,RAPID_HOP,critical
syn_evt_00000000e4aa_000000001ba16ea0,wallet,syn_w_0000000000000710,2026-07-05T00:10:29.000Z,1,RAPID_HOP,critical
syn_evt_00000000e4ab_000000001ba18d8f,wallet,syn_w_0000000000000711,2026-07-05T00:10:46.000Z,1,RAPID_HOP,critical
syn_evt_00000000e4ac_000000001ba1ac7e,wallet,syn_w_0000000000000712,2026-07-05T00:11:03.000Z,1,RAPID_HOP,critical
syn_evt_00000000e4ad_000000001ba1cb6d,wallet,syn_w_0000000000000709,2026-07-05T00:11:20.000Z,1,RAPID_HOP,critical
syn_evt_00000000e4ae_000000001ba1ea5c,wallet,syn_w_000000000000070a,2026-07-05T00:11:37.000Z,1,RAPID_HOP,critical
syn_evt_00000000e4af_000000001ba2094b,wallet,syn_w_000000000000070b,2026-07-05T00:11:54.000Z,1,RAPID_HOP,critical
syn_evt_00000000e4b0_000000001ba2283a,wallet,syn_w_000000000000070c,2026-07-05T00:12:11.000Z,1,RAPID_HOP,critical
syn_evt_00000000e4b1_000000001ba24729,wallet,syn_w_000000000000070d,2026-07-05T00:12:28.000Z,1,RAPID_HOP,critical
syn_evt_00000000e4b2_000000001ba26618,wallet,syn_w_000000000000070e,2026-07-05T00:12:45.000Z,1,RAPID_HOP,critical
syn_evt_00000000e4b3_000000001ba28507,wallet,syn_w_000000000000070f,2026-07-05T00:13:02.000Z,1,RAPID_HOP,critical
syn_evt_00000000e4b4_000000001ba2a3f6,wallet,syn_w_0000000000000710,2026-07-05T00:13:19.000Z,1,RAPID_HOP,critical
syn_evt_00000000e4b5_000000001ba2c2e5,wallet,syn_w_0000000000000711,2026-07-05T00:13:36.000Z,1,RAPID_HOP,critical
syn_evt_00000000e4b6_000000001ba2e1d4,wallet,syn_w_0000000000000712,2026-07-05T00:13:53.000Z,1,RAPID_HOP,critical
syn_evt_00000000e4b7_000000001ba300c3,wallet,syn_w_0000000000000709,2026-07-05T00:14:10.000Z,1,RAPID_HOP,critical
syn_evt_00000000e4b8_000000001ba31fb2,wallet,syn_w_000000000000070a,2026-07-05T00:14:27.000Z,1,RAPID_HOP,critical
syn_evt_00000000e4b9_000000001ba33ea1,wallet,syn_w_000000000000070b,2026-07-05T00:14:44.000Z,1,RAPID_HOP,critical
syn_evt_00000000e4ba_000000001ba35d90,wallet,syn_w_000000000000070c,2026-07-05T00:15:01.000Z,1,RAPID_HOP,critical
syn_evt_00000000e4bb_000000001ba37c7f,wallet,syn_w_000000000000070d,2026-07-05T00:15:18.000Z,1,RAPID_HOP,critical
syn_evt_00000000e4bc_000000001ba39b6e,wallet,syn_w_000000000000070e,2026-07-05T00:15:35.000Z,1,RAPID_HOP,critical
syn_evt_00000000e4bd_000000001ba3ba5d,wallet,syn_w_000000000000070f,2026-07-05T00:15:52.000Z,1,RAPID_HOP,critical
syn_evt_00000000e4be_000000001ba3d94c,wallet,syn_w_0000000000000710,2026-07-05T00:16:09.000Z,1,RAPID_HOP,critical
syn_evt_00000000e4bf_000000001ba3f83b,wallet,syn_w_0000000000000711,2026-07-05T00:16:26.000Z,1,RAPID_HOP,critical
syn_evt_00000000e4c0_000000001ba4172a,wallet,syn_w_0000000000000712,2026-07-05T00:16:43.000Z,1,RAPID_HOP,critical
syn_evt_00000000e4c1_000000001ba43619,wallet,syn_w_0000000000000709,2026-07-05T00:17:00.000Z,1,RAPID_HOP,critical
syn_evt_00000000e4c2_000000001ba45508,wallet,syn_w_000000000000070a,2026-07-05T00:17:17.000Z,1,RAPID_HOP,critical
syn_evt_00000000e4c3_000000001ba473f7,wallet,syn_w_000000000000070b,2026-07-05T00:17:34.000Z,1,RAPID_HOP,critical
syn_evt_00000000e4c4_000000001ba492e6,wallet,syn_w_000000000000070c,2026-07-05T00:17:51.000Z,1,RAPID_HOP,critical
syn_evt_00000000e4c5_000000001ba4b1d5,wallet,syn_w_000000000000070d,2026-07-05T00:18:08.000Z,1,RAPID_HOP,critical
syn_evt_00000000e4c6_000000001ba4d0c4,wallet,syn_w_000000000000070e,2026-07-05T00:18:25.000Z,1,RAPID_HOP,critical
syn_evt_00000000e4c7_000000001ba4efb3,wallet,syn_w_000000000000070f,2026-07-05T00:18:42.000Z,1,RAPID_HOP,critical
syn_evt_00000000e4c8_000000001ba50ea2,wallet,syn_w_0000000000000710,2026-07-05T00:18:59.000Z,1,RAPID_HOP,critical
syn_evt_00000000e4c9_000000001ba52d91,wallet,syn_w_0000000000000711,2026-07-05T00:19:16.000Z,1,RAPID_HOP,critical
syn_evt_00000000e4ca_000000001ba54c80,wallet,syn_w_0000000000000712,2026-07-05T00:19:33.000Z,1,RAPID_HOP,critical
syn_evt_00000000e4cb_000000001ba56b6f,wallet,syn_w_0000000000000709,2026-07-05T00:19:50.000Z,1,RAPID_HOP,critical
syn_evt_00000000e4cc_000000001ba58a5e,wallet,syn_w_000000000000070a,2026-07-05T00:20:07.000Z,1,RAPID_HOP,critical
syn_evt_00000000e4cd_000000001ba5a94d,wallet,syn_w_000000000000070b,2026-07-05T00:20:24.000Z,1,RAPID_HOP,critical
syn_evt_00000000e4ce_000000001ba5c83c,wallet,syn_w_000000000000070c,2026-07-05T00:20:41.000Z,1,RAPID_HOP,critical
syn_evt_00000000e4cf_000000001ba5e72b,wallet,syn_w_000000000000070d,2026-07-05T00:20:58.000Z,1,RAPID_HOP,critical
syn_evt_00000000e4d0_000000001ba6061a,wallet,syn_w_000000000000070e,2026-07-05T00:21:15.000Z,1,RAPID_HOP,critical
syn_evt_00000000e4d1_000000001ba62509,wallet,syn_w_000000000000070f,2026-07-05T00:21:32.000Z,1,RAPID_HOP,critical
syn_evt_00000000e4d2_000000001ba643f8,wallet,syn_w_0000000000000710,2026-07-05T00:21:49.000Z,1,RAPID_HOP,critical
syn_evt_00000000e4d3_000000001ba662e7,wallet,syn_w_0000000000000711,2026-07-05T00:22:06.000Z,1,RAPID_HOP,critical
syn_evt_00000000e4d4_000000001ba681d6,wallet,syn_w_0000000000000712,2026-07-05T00:22:23.000Z,1,RAPID_HOP,critical
syn_evt_00000000e4d5_000000001ba6a0c5,wallet,syn_w_0000000000000709,2026-07-05T00:22:40.000Z,1,RAPID_HOP,critical
syn_evt_00000000e4d6_000000001ba6bfb4,wallet,syn_w_000000000000070a,2026-07-05T00:22:57.000Z,1,RAPID_HOP,critical
syn_evt_00000000e4d7_000000001ba6dea3,wallet,syn_w_000000000000070b,2026-07-05T00:23:14.000Z,1,RAPID_HOP,critical
syn_evt_00000000e4d8_000000001ba6fd92,wallet,syn_w_000000000000070c,2026-07-05T00:23:31.000Z,1,RAPID_HOP,critical
syn_evt_00000000e4d9_000000001ba71c81,wallet,syn_w_000000000000070d,2026-07-05T00:23:48.000Z,1,RAPID_HOP,critical
syn_evt_00000000e4da_000000001ba73b70,wallet,syn_w_000000000000070e,2026-07-05T00:24:05.000Z,1,RAPID_HOP,critical
syn_evt_00000000e4db_000000001ba75a5f,wallet,syn_w_000000000000070f,2026-07-05T00:24:22.000Z,1,RAPID_HOP,critical
syn_evt_00000000e4dc_000000001ba7794e,wallet,syn_w_0000000000000710,2026-07-05T00:24:39.000Z,1,RAPID_HOP,critical
syn_evt_00000000e4dd_000000001ba7983d,wallet,syn_w_0000000000000711,2026-07-05T00:24:56.000Z,1,RAPID_HOP,critical
syn_evt_00000000e4de_000000001ba7b72c,wallet,syn_w_0000000000000712,2026-07-05T00:25:13.000Z,1,RAPID_HOP,critical
syn_evt_00000000e4df_000000001ba7d61b,wallet,syn_w_0000000000000709,2026-07-05T00:25:30.000Z,1,RAPID_HOP,critical
syn_evt_00000000e4e0_000000001ba7f50a,wallet,syn_w_000000000000070a,2026-07-05T00:25:47.000Z,1,RAPID_HOP,critical
syn_evt_00000000e4e1_000000001ba813f9,wallet,syn_w_000000000000070b,2026-07-05T00:26:04.000Z,1,RAPID_HOP,critical
syn_evt_00000000e4e2_000000001ba832e8,wallet,syn_w_000000000000070c,2026-07-05T00:26:21.000Z,1,RAPID_HOP,critical
syn_evt_00000000e4e3_000000001ba851d7,wallet,syn_w_000000000000070d,2026-07-05T00:26:38.000Z,1,RAPID_HOP,critical
syn_evt_00000000e4e4_000000001ba870c6,wallet,syn_w_000000000000070e,2026-07-05T00:26:55.000Z,1,RAPID_HOP,critical
syn_evt_00000000e4e5_000000001ba88fb5,wallet,syn_w_000000000000070f,2026-07-05T00:27:12.000Z,1,RAPID_HOP,critical
syn_evt_00000000e4e6_000000001ba8aea4,wallet,syn_w_0000000000000710,2026-07-05T00:27:29.000Z,1,RAPID_HOP,critical
syn_evt_00000000e4e7_000000001ba8cd93,wallet,syn_w_0000000000000711,2026-07-05T00:27:46.000Z,1,RAPID_HOP,critical
syn_evt_00000000e4e8_000000001ba8ec82,wallet,syn_w_0000000000000712,2026-07-05T00:28:03.000Z,1,RAPID_HOP,critical
syn_evt_00000000e4e9_000000001ba90b71,wallet,syn_w_00000000000007d1,2026-07-13T00:00:00.000Z,1,RAPID_HOP,critical
syn_evt_00000000e4ea_000000001ba92a60,wallet,syn_w_00000000000007d2,2026-07-13T00:00:17.000Z,1,RAPID_HOP,critical
syn_evt_00000000e4eb_000000001ba9494f,wallet,syn_w_00000000000007d3,2026-07-13T00:00:34.000Z,1,RAPID_HOP,critical
syn_evt_00000000e4ec_000000001ba9683e,wallet,syn_w_00000000000007d4,2026-07-13T00:00:51.000Z,1,RAPID_HOP,critical
syn_evt_00000000e4ed_000000001ba9872d,wallet,syn_w_00000000000007d5,2026-07-13T00:01:08.000Z,1,RAPID_HOP,critical
syn_evt_00000000e4ee_000000001ba9a61c,wallet,syn_w_00000000000007d6,2026-07-13T00:01:25.000Z,1,RAPID_HOP,critical
syn_evt_00000000e4ef_000000001ba9c50b,wallet,syn_w_00000000000007d7,2026-07-13T00:01:42.000Z,1,RAPID_HOP,critical
syn_evt_00000000e4f0_000000001ba9e3fa,wallet,syn_w_00000000000007d8,2026-07-13T00:01:59.000Z,1,RAPID_HOP,critical
syn_evt_00000000e4f1_000000001baa02e9,wallet,syn_w_00000000000007d9,2026-07-13T00:02:16.000Z,1,RAPID_HOP,critical
syn_evt_00000000e4f2_000000001baa21d8,wallet,syn_w_00000000000007da,2026-07-13T00:02:33.000Z,1,RAPID_HOP,critical
syn_evt_00000000e4f3_000000001baa40c7,wallet,syn_w_00000000000007d1,2026-07-13T00:02:50.000Z,1,RAPID_HOP,critical
syn_evt_00000000e4f4_000000001baa5fb6,wallet,syn_w_00000000000007d2,2026-07-13T00:03:07.000Z,1,RAPID_HOP,critical
syn_evt_00000000e4f5_000000001baa7ea5,wallet,syn_w_00000000000007d3,2026-07-13T00:03:24.000Z,1,RAPID_HOP,critical
syn_evt_00000000e4f6_000000001baa9d94,wallet,syn_w_00000000000007d4,2026-07-13T00:03:41.000Z,1,RAPID_HOP,critical
syn_evt_00000000e4f7_000000001baabc83,wallet,syn_w_00000000000007d5,2026-07-13T00:03:58.000Z,1,RAPID_HOP,critical
syn_evt_00000000e4f8_000000001baadb72,wallet,syn_w_00000000000007d6,2026-07-13T00:04:15.000Z,1,RAPID_HOP,critical
syn_evt_00000000e4f9_000000001baafa61,wallet,syn_w_00000000000007d7,2026-07-13T00:04:32.000Z,1,RAPID_HOP,critical
syn_evt_00000000e4fa_000000001bab1950,wallet,syn_w_00000000000007d8,2026-07-13T00:04:49.000Z,1,RAPID_HOP,critical
syn_evt_00000000e4fb_000000001bab383f,wallet,syn_w_00000000000007d9,2026-07-13T00:05:06.000Z,1,RAPID_HOP,critical
syn_evt_00000000e4fc_000000001bab572e,wallet,syn_w_00000000000007da,2026-07-13T00:05:23.000Z,1,RAPID_HOP,critical
syn_evt_00000000e4fd_000000001bab761d,wallet,syn_w_00000000000007d1,2026-07-13T00:05:40.000Z,1,RAPID_HOP,critical
syn_evt_00000000e4fe_000000001bab950c,wallet,syn_w_00000000000007d2,2026-07-13T00:05:57.000Z,1,RAPID_HOP,critical
syn_evt_00000000e4ff_000000001babb3fb,wallet,syn_w_00000000000007d3,2026-07-13T00:06:14.000Z,1,RAPID_HOP,critical
syn_evt_00000000e500_000000001babd2ea,wallet,syn_w_00000000000007d4,2026-07-13T00:06:31.000Z,1,RAPID_HOP,critical
syn_evt_00000000e501_000000001babf1d9,wallet,syn_w_00000000000007d5,2026-07-13T00:06:48.000Z,1,RAPID_HOP,critical
syn_evt_00000000e502_000000001bac10c8,wallet,syn_w_00000000000007d6,2026-07-13T00:07:05.000Z,1,RAPID_HOP,critical
syn_evt_00000000e503_000000001bac2fb7,wallet,syn_w_00000000000007d7,2026-07-13T00:07:22.000Z,1,RAPID_HOP,critical
syn_evt_00000000e504_000000001bac4ea6,wallet,syn_w_00000000000007d8,2026-07-13T00:07:39.000Z,1,RAPID_HOP,critical
syn_evt_00000000e505_000000001bac6d95,wallet,syn_w_00000000000007d9,2026-07-13T00:07:56.000Z,1,RAPID_HOP,critical
syn_evt_00000000e506_000000001bac8c84,wallet,syn_w_00000000000007da,2026-07-13T00:08:13.000Z,1,RAPID_HOP,critical
syn_evt_00000000e507_000000001bacab73,wallet,syn_w_00000000000007d1,2026-07-13T00:08:30.000Z,1,RAPID_HOP,critical
syn_evt_00000000e508_000000001bacca62,wallet,syn_w_00000000000007d2,2026-07-13T00:08:47.000Z,1,RAPID_HOP,critical
syn_evt_00000000e509_000000001bace951,wallet,syn_w_00000000000007d3,2026-07-13T00:09:04.000Z,1,RAPID_HOP,critical
syn_evt_00000000e50a_000000001bad0840,wallet,syn_w_00000000000007d4,2026-07-13T00:09:21.000Z,1,RAPID_HOP,critical
syn_evt_00000000e50b_000000001bad272f,wallet,syn_w_00000000000007d5,2026-07-13T00:09:38.000Z,1,RAPID_HOP,critical
syn_evt_00000000e50c_000000001bad461e,wallet,syn_w_00000000000007d6,2026-07-13T00:09:55.000Z,1,RAPID_HOP,critical
syn_evt_00000000e50d_000000001bad650d,wallet,syn_w_00000000000007d7,2026-07-13T00:10:12.000Z,1,RAPID_HOP,critical
syn_evt_00000000e50e_000000001bad83fc,wallet,syn_w_00000000000007d8,2026-07-13T00:10:29.000Z,1,RAPID_HOP,critical
syn_evt_00000000e50f_000000001bada2eb,wallet,syn_w_00000000000007d9,2026-07-13T00:10:46.000Z,1,RAPID_HOP,critical
syn_evt_00000000e510_000000001badc1da,wallet,syn_w_00000000000007da,2026-07-13T00:11:03.000Z,1,RAPID_HOP,critical
syn_evt_00000000e511_000000001bade0c9,wallet,syn_w_00000000000007d1,2026-07-13T00:11:20.000Z,1,RAPID_HOP,critical
syn_evt_00000000e512_000000001badffb8,wallet,syn_w_00000000000007d2,2026-07-13T00:11:37.000Z,1,RAPID_HOP,critical
syn_evt_00000000e513_000000001bae1ea7,wallet,syn_w_00000000000007d3,2026-07-13T00:11:54.000Z,1,RAPID_HOP,critical
syn_evt_00000000e514_000000001bae3d96,wallet,syn_w_00000000000007d4,2026-07-13T00:12:11.000Z,1,RAPID_HOP,critical
syn_evt_00000000e515_000000001bae5c85,wallet,syn_w_00000000000007d5,2026-07-13T00:12:28.000Z,1,RAPID_HOP,critical
syn_evt_00000000e516_000000001bae7b74,wallet,syn_w_00000000000007d6,2026-07-13T00:12:45.000Z,1,RAPID_HOP,critical
syn_evt_00000000e517_000000001bae9a63,wallet,syn_w_00000000000007d7,2026-07-13T00:13:02.000Z,1,RAPID_HOP,critical
syn_evt_00000000e518_000000001baeb952,wallet,syn_w_00000000000007d8,2026-07-13T00:13:19.000Z,1,RAPID_HOP,critical
syn_evt_00000000e519_000000001baed841,wallet,syn_w_00000000000007d9,2026-07-13T00:13:36.000Z,1,RAPID_HOP,critical
syn_evt_00000000e51a_000000001baef730,wallet,syn_w_00000000000007da,2026-07-13T00:13:53.000Z,1,RAPID_HOP,critical
syn_evt_00000000e51b_000000001baf161f,wallet,syn_w_00000000000007d1,2026-07-13T00:14:10.000Z,1,RAPID_HOP,critical
syn_evt_00000000e51c_000000001baf350e,wallet,syn_w_00000000000007d2,2026-07-13T00:14:27.000Z,1,RAPID_HOP,critical
syn_evt_00000000e51d_000000001baf53fd,wallet,syn_w_00000000000007d3,2026-07-13T00:14:44.000Z,1,RAPID_HOP,critical
syn_evt_00000000e51e_000000001baf72ec,wallet,syn_w_00000000000007d4,2026-07-13T00:15:01.000Z,1,RAPID_HOP,critical
syn_evt_00000000e51f_000000001baf91db,wallet,syn_w_00000000000007d5,2026-07-13T00:15:18.000Z,1,RAPID_HOP,critical
syn_evt_00000000e520_000000001bafb0ca,wallet,syn_w_00000000000007d6,2026-07-13T00:15:35.000Z,1,RAPID_HOP,critical
syn_evt_00000000e521_000000001bafcfb9,wallet,syn_w_00000000000007d7,2026-07-13T00:15:52.000Z,1,RAPID_HOP,critical
syn_evt_00000000e522_000000001bafeea8,wallet,syn_w_00000000000007d8,2026-07-13T00:16:09.000Z,1,RAPID_HOP,critical
syn_evt_00000000e523_000000001bb00d97,wallet,syn_w_00000000000007d9,2026-07-13T00:16:26.000Z,1,RAPID_HOP,critical
syn_evt_00000000e524_000000001bb02c86,wallet,syn_w_00000000000007da,2026-07-13T00:16:43.000Z,1,RAPID_HOP,critical
syn_evt_00000000e525_000000001bb04b75,wallet,syn_w_00000000000007d1,2026-07-13T00:17:00.000Z,1,RAPID_HOP,critical
syn_evt_00000000e526_000000001bb06a64,wallet,syn_w_00000000000007d2,2026-07-13T00:17:17.000Z,1,RAPID_HOP,critical
syn_evt_00000000e527_000000001bb08953,wallet,syn_w_00000000000007d3,2026-07-13T00:17:34.000Z,1,RAPID_HOP,critical
syn_evt_00000000e528_000000001bb0a842,wallet,syn_w_00000000000007d4,2026-07-13T00:17:51.000Z,1,RAPID_HOP,critical
syn_evt_00000000e529_000000001bb0c731,wallet,syn_w_00000000000007d5,2026-07-13T00:18:08.000Z,1,RAPID_HOP,critical
syn_evt_00000000e52a_000000001bb0e620,wallet,syn_w_00000000000007d6,2026-07-13T00:18:25.000Z,1,RAPID_HOP,critical
syn_evt_00000000e52b_000000001bb1050f,wallet,syn_w_00000000000007d7,2026-07-13T00:18:42.000Z,1,RAPID_HOP,critical
syn_evt_00000000e52c_000000001bb123fe,wallet,syn_w_00000000000007d8,2026-07-13T00:18:59.000Z,1,RAPID_HOP,critical
syn_evt_00000000e52d_000000001bb142ed,wallet,syn_w_00000000000007d9,2026-07-13T00:19:16.000Z,1,RAPID_HOP,critical
syn_evt_00000000e52e_000000001bb161dc,wallet,syn_w_00000000000007da,2026-07-13T00:19:33.000Z,1,RAPID_HOP,critical
syn_evt_00000000e52f_000000001bb180cb,wallet,syn_w_00000000000007d1,2026-07-13T00:19:50.000Z,1,RAPID_HOP,critical
syn_evt_00000000e530_000000001bb19fba,wallet,syn_w_00000000000007d2,2026-07-13T00:20:07.000Z,1,RAPID_HOP,critical
syn_evt_00000000e531_000000001bb1bea9,wallet,syn_w_00000000000007d3,2026-07-13T00:20:24.000Z,1,RAPID_HOP,critical
syn_evt_00000000e532_000000001bb1dd98,wallet,syn_w_00000000000007d4,2026-07-13T00:20:41.000Z,1,RAPID_HOP,critical
syn_evt_00000000e533_000000001bb1fc87,wallet,syn_w_00000000000007d5,2026-07-13T00:20:58.000Z,1,RAPID_HOP,critical
syn_evt_00000000e534_000000001bb21b76,wallet,syn_w_0000000000000899,2026-07-20T00:00:00.000Z,1,RAPID_HOP,critical
syn_evt_00000000e535_000000001bb23a65,wallet,syn_w_000000000000089a,2026-07-20T00:00:17.000Z,1,RAPID_HOP,critical
syn_evt_00000000e536_000000001bb25954,wallet,syn_w_000000000000089b,2026-07-20T00:00:34.000Z,1,RAPID_HOP,critical
syn_evt_00000000e537_000000001bb27843,wallet,syn_w_000000000000089c,2026-07-20T00:00:51.000Z,1,RAPID_HOP,critical
syn_evt_00000000e538_000000001bb29732,wallet,syn_w_000000000000089d,2026-07-20T00:01:08.000Z,1,RAPID_HOP,critical
syn_evt_00000000e539_000000001bb2b621,wallet,syn_w_000000000000089e,2026-07-20T00:01:25.000Z,1,RAPID_HOP,critical
syn_evt_00000000e53a_000000001bb2d510,wallet,syn_w_000000000000089f,2026-07-20T00:01:42.000Z,1,RAPID_HOP,critical
syn_evt_00000000e53b_000000001bb2f3ff,wallet,syn_w_00000000000008a0,2026-07-20T00:01:59.000Z,1,RAPID_HOP,critical
syn_evt_00000000e53c_000000001bb312ee,wallet,syn_w_00000000000008a1,2026-07-20T00:02:16.000Z,1,RAPID_HOP,critical
syn_evt_00000000e53d_000000001bb331dd,wallet,syn_w_00000000000008a2,2026-07-20T00:02:33.000Z,1,RAPID_HOP,critical
syn_evt_00000000e53e_000000001bb350cc,wallet,syn_w_0000000000000899,2026-07-20T00:02:50.000Z,1,RAPID_HOP,critical
syn_evt_00000000e53f_000000001bb36fbb,wallet,syn_w_000000000000089a,2026-07-20T00:03:07.000Z,1,RAPID_HOP,critical
syn_evt_00000000e540_000000001bb38eaa,wallet,syn_w_000000000000089b,2026-07-20T00:03:24.000Z,1,RAPID_HOP,critical
syn_evt_00000000e541_000000001bb3ad99,wallet,syn_w_000000000000089c,2026-07-20T00:03:41.000Z,1,RAPID_HOP,critical
syn_evt_00000000e542_000000001bb3cc88,wallet,syn_w_000000000000089d,2026-07-20T00:03:58.000Z,1,RAPID_HOP,critical
syn_evt_00000000e543_000000001bb3eb77,wallet,syn_w_000000000000089e,2026-07-20T00:04:15.000Z,1,RAPID_HOP,critical
syn_evt_00000000e544_000000001bb40a66,wallet,syn_w_000000000000089f,2026-07-20T00:04:32.000Z,1,RAPID_HOP,critical
syn_evt_00000000e545_000000001bb42955,wallet,syn_w_00000000000008a0,2026-07-20T00:04:49.000Z,1,RAPID_HOP,critical
syn_evt_00000000e546_000000001bb44844,wallet,syn_w_00000000000008a1,2026-07-20T00:05:06.000Z,1,RAPID_HOP,critical
syn_evt_00000000e547_000000001bb46733,wallet,syn_w_00000000000008a2,2026-07-20T00:05:23.000Z,1,RAPID_HOP,critical
syn_evt_00000000e548_000000001bb48622,wallet,syn_w_0000000000000899,2026-07-20T00:05:40.000Z,1,RAPID_HOP,critical
syn_evt_00000000e549_000000001bb4a511,wallet,syn_w_000000000000089a,2026-07-20T00:05:57.000Z,1,RAPID_HOP,critical
syn_evt_00000000e54a_000000001bb4c400,wallet,syn_w_000000000000089b,2026-07-20T00:06:14.000Z,1,RAPID_HOP,critical
syn_evt_00000000e54b_000000001bb4e2ef,wallet,syn_w_000000000000089c,2026-07-20T00:06:31.000Z,1,RAPID_HOP,critical
syn_evt_00000000e54c_000000001bb501de,wallet,syn_w_000000000000089d,2026-07-20T00:06:48.000Z,1,RAPID_HOP,critical
syn_evt_00000000e54d_000000001bb520cd,wallet,syn_w_000000000000089e,2026-07-20T00:07:05.000Z,1,RAPID_HOP,critical
syn_evt_00000000e54e_000000001bb53fbc,wallet,syn_w_000000000000089f,2026-07-20T00:07:22.000Z,1,RAPID_HOP,critical
syn_evt_00000000e54f_000000001bb55eab,wallet,syn_w_00000000000008a0,2026-07-20T00:07:39.000Z,1,RAPID_HOP,critical
syn_evt_00000000e550_000000001bb57d9a,wallet,syn_w_00000000000008a1,2026-07-20T00:07:56.000Z,1,RAPID_HOP,critical
syn_evt_00000000e551_000000001bb59c89,wallet,syn_w_00000000000008a2,2026-07-20T00:08:13.000Z,1,RAPID_HOP,critical
syn_evt_00000000e552_000000001bb5bb78,wallet,syn_w_0000000000000899,2026-07-20T00:08:30.000Z,1,RAPID_HOP,critical
syn_evt_00000000e553_000000001bb5da67,wallet,syn_w_000000000000089a,2026-07-20T00:08:47.000Z,1,RAPID_HOP,critical
syn_evt_00000000e554_000000001bb5f956,wallet,syn_w_000000000000089b,2026-07-20T00:09:04.000Z,1,RAPID_HOP,critical
syn_evt_00000000e555_000000001bb61845,wallet,syn_w_000000000000089c,2026-07-20T00:09:21.000Z,1,RAPID_HOP,critical
syn_evt_00000000e556_000000001bb63734,wallet,syn_w_000000000000089d,2026-07-20T00:09:38.000Z,1,RAPID_HOP,critical
syn_evt_00000000e557_000000001bb65623,wallet,syn_w_000000000000089e,2026-07-20T00:09:55.000Z,1,RAPID_HOP,critical
syn_evt_00000000e558_000000001bb67512,wallet,syn_w_000000000000089f,2026-07-20T00:10:12.000Z,1,RAPID_HOP,critical
syn_evt_00000000e559_000000001bb69401,wallet,syn_w_00000000000008a0,2026-07-20T00:10:29.000Z,1,RAPID_HOP,critical
syn_evt_00000000e55a_000000001bb6b2f0,wallet,syn_w_00000000000008a1,2026-07-20T00:10:46.000Z,1,RAPID_HOP,critical
syn_evt_00000000e55b_000000001bb6d1df,wallet,syn_w_00000000000008a2,2026-07-20T00:11:03.000Z,1,RAPID_HOP,critical
syn_evt_00000000e55c_000000001bb6f0ce,wallet,syn_w_0000000000000961,2026-07-26T00:00:00.000Z,1,RAPID_HOP,critical
syn_evt_00000000e55d_000000001bb70fbd,wallet,syn_w_0000000000000962,2026-07-26T00:00:17.000Z,1,RAPID_HOP,critical
syn_evt_00000000e55e_000000001bb72eac,wallet,syn_w_0000000000000963,2026-07-26T00:00:34.000Z,1,RAPID_HOP,critical
syn_evt_00000000e55f_000000001bb74d9b,wallet,syn_w_0000000000000964,2026-07-26T00:00:51.000Z,1,RAPID_HOP,critical
syn_evt_00000000e560_000000001bb76c8a,wallet,syn_w_0000000000000965,2026-07-26T00:01:08.000Z,1,RAPID_HOP,critical
syn_evt_00000000e561_000000001bb78b79,wallet,syn_w_0000000000000966,2026-07-26T00:01:25.000Z,1,RAPID_HOP,critical
syn_evt_00000000e562_000000001bb7aa68,wallet,syn_w_0000000000000967,2026-07-26T00:01:42.000Z,1,RAPID_HOP,critical
syn_evt_00000000e563_000000001bb7c957,wallet,syn_w_0000000000000968,2026-07-26T00:01:59.000Z,1,RAPID_HOP,critical
syn_evt_00000000e564_000000001bb7e846,wallet,syn_w_0000000000000969,2026-07-26T00:02:16.000Z,1,RAPID_HOP,critical
syn_evt_00000000e565_000000001bb80735,wallet,syn_w_000000000000096a,2026-07-26T00:02:33.000Z,1,RAPID_HOP,critical
syn_evt_00000000e566_000000001bb82624,wallet,syn_w_0000000000000961,2026-07-26T00:02:50.000Z,1,RAPID_HOP,critical
syn_evt_00000000e567_000000001bb84513,wallet,syn_w_0000000000000962,2026-07-26T00:03:07.000Z,1,RAPID_HOP,critical
syn_evt_00000000e568_000000001bb86402,wallet,syn_w_0000000000000963,2026-07-26T00:03:24.000Z,1,RAPID_HOP,critical
syn_evt_00000000e569_000000001bb882f1,wallet,syn_w_0000000000000964,2026-07-26T00:03:41.000Z,1,RAPID_HOP,critical
syn_evt_00000000e56a_000000001bb8a1e0,wallet,syn_w_0000000000000965,2026-07-26T00:03:58.000Z,1,RAPID_HOP,critical
syn_evt_00000000e56b_000000001bb8c0cf,wallet,syn_w_0000000000000966,2026-07-26T00:04:15.000Z,1,RAPID_HOP,critical
syn_evt_00000000e56c_000000001bb8dfbe,wallet,syn_w_0000000000000967,2026-07-26T00:04:32.000Z,1,RAPID_HOP,critical
syn_evt_00000000e56d_000000001bb8fead,wallet,syn_w_0000000000000968,2026-07-26T00:04:49.000Z,1,RAPID_HOP,critical
syn_evt_00000000e56e_000000001bb91d9c,wallet,syn_w_0000000000000969,2026-07-26T00:05:06.000Z,1,RAPID_HOP,critical
syn_evt_00000000e56f_000000001bb93c8b,wallet,syn_w_000000000000096a,2026-07-26T00:05:23.000Z,1,RAPID_HOP,critical
syn_evt_00000000e570_000000001bb95b7a,wallet,syn_w_0000000000000961,2026-07-26T00:05:40.000Z,1,RAPID_HOP,critical
syn_evt_00000000e571_000000001bb97a69,wallet,syn_w_0000000000000962,2026-07-26T00:05:57.000Z,1,RAPID_HOP,critical
syn_evt_00000000e572_000000001bb99958,wallet,syn_w_0000000000000963,2026-07-26T00:06:14.000Z,1,RAPID_HOP,critical
syn_evt_00000000e573_000000001bb9b847,wallet,syn_w_0000000000000964,2026-07-26T00:06:31.000Z,1,RAPID_HOP,critical
syn_evt_00000000e574_000000001bb9d736,wallet,syn_w_0000000000000965,2026-07-26T00:06:48.000Z,1,RAPID_HOP,critical
syn_evt_00000000e575_000000001bb9f625,wallet,syn_w_0000000000000966,2026-07-26T00:07:05.000Z,1,RAPID_HOP,critical
syn_evt_00000000e576_000000001bba1514,wallet,syn_w_0000000000000967,2026-07-26T00:07:22.000Z,1,RAPID_HOP,critical
syn_evt_00000000e577_000000001bba3403,wallet,syn_w_0000000000000968,2026-07-26T00:07:39.000Z,1,RAPID_HOP,critical
syn_evt_00000000e578_000000001bba52f2,wallet,syn_w_0000000000000969,2026-07-26T00:07:56.000Z,1,RAPID_HOP,critical
syn_evt_00000000e579_000000001bba71e1,wallet,syn_w_000000000000096a,2026-07-26T00:08:13.000Z,1,RAPID_HOP,critical
syn_evt_00000000e57a_000000001bba90d0,wallet,syn_w_0000000000000961,2026-07-26T00:08:30.000Z,1,RAPID_HOP,critical
syn_evt_00000000e57b_000000001bbaafbf,wallet,syn_w_0000000000000962,2026-07-26T00:08:47.000Z,1,RAPID_HOP,critical
syn_evt_00000000e57c_000000001bbaceae,wallet,syn_w_0000000000000963,2026-07-26T00:09:04.000Z,1,RAPID_HOP,critical
syn_evt_00000000e57d_000000001bbaed9d,wallet,syn_w_0000000000000964,2026-07-26T00:09:21.000Z,1,RAPID_HOP,critical
syn_evt_00000000e57e_000000001bbb0c8c,wallet,syn_w_0000000000000965,2026-07-26T00:09:38.000Z,1,RAPID_HOP,critical
syn_evt_00000000e57f_000000001bbb2b7b,wallet,syn_w_0000000000000a8c,2026-07-05T00:00:00.000Z,1,FAN_OUT,high
syn_evt_00000000e580_000000001bbb4a6a,wallet,syn_w_0000000000000a8c,2026-07-05T00:00:12.000Z,1,FAN_OUT,high
syn_evt_00000000e581_000000001bbb6959,wallet,syn_w_0000000000000a8c,2026-07-05T00:00:24.000Z,1,FAN_OUT,high
syn_evt_00000000e582_000000001bbb8848,wallet,syn_w_0000000000000a8c,2026-07-05T00:00:36.000Z,1,FAN_OUT,high
syn_evt_00000000e583_000000001bbba737,wallet,syn_w_0000000000000a8c,2026-07-05T00:00:48.000Z,1,FAN_OUT,high
syn_evt_00000000e584_000000001bbbc626,wallet,syn_w_0000000000000a8c,2026-07-05T00:01:00.000Z,1,FAN_OUT,high
syn_evt_00000000e585_000000001bbbe515,wallet,syn_w_0000000000000a8c,2026-07-05T00:01:12.000Z,1,FAN_OUT,high
syn_evt_00000000e586_000000001bbc0404,wallet,syn_w_0000000000000a8c,2026-07-05T00:01:24.000Z,1,FAN_OUT,high
syn_evt_00000000e587_000000001bbc22f3,wallet,syn_w_0000000000000a8c,2026-07-05T00:01:36.000Z,1,FAN_OUT,high
syn_evt_00000000e588_000000001bbc41e2,wallet,syn_w_0000000000000a8c,2026-07-05T00:01:48.000Z,1,FAN_OUT,high
syn_evt_00000000e589_000000001bbc60d1,wallet,syn_w_0000000000000a8c,2026-07-05T00:02:00.000Z,1,FAN_OUT,high
syn_evt_00000000e58a_000000001bbc7fc0,wallet,syn_w_0000000000000a8c,2026-07-05T00:02:12.000Z,1,FAN_OUT,high
syn_evt_00000000e58b_000000001bbc9eaf,wallet,syn_w_0000000000000a8c,2026-07-05T00:02:24.000Z,1,FAN_OUT,high
syn_evt_00000000e58c_000000001bbcbd9e,wallet,syn_w_0000000000000a8c,2026-07-05T00:02:36.000Z,1,FAN_OUT,high
syn_evt_00000000e58d_000000001bbcdc8d,wallet,syn_w_0000000000000a8c,2026-07-05T00:02:48.000Z,1,FAN_OUT,high
syn_evt_00000000e58e_000000001bbcfb7c,wallet,syn_w_0000000000000a8c,2026-07-05T00:03:00.000Z,1,FAN_OUT,high
syn_evt_00000000e58f_000000001bbd1a6b,wallet,syn_w_0000000000000a8c,2026-07-05T00:03:12.000Z,1,FAN_OUT,high
syn_evt_00000000e590_000000001bbd395a,wallet,syn_w_0000000000000a8c,2026-07-05T00:03:24.000Z,1,FAN_OUT,high
syn_evt_00000000e591_000000001bbd5849,wallet,syn_w_0000000000000a8c,2026-07-05T00:03:36.000Z,1,FAN_OUT,high
syn_evt_00000000e592_000000001bbd7738,wallet,syn_w_0000000000000a8c,2026-07-05T00:03:48.000Z,1,FAN_OUT,high
syn_evt_00000000e593_000000001bbd9627,wallet,syn_w_0000000000000a8c,2026-07-05T00:04:00.000Z,1,FAN_OUT,high
syn_evt_00000000e594_000000001bbdb516,wallet,syn_w_0000000000000a8c,2026-07-05T00:04:12.000Z,1,FAN_OUT,high
syn_evt_00000000e595_000000001bbdd405,wallet,syn_w_0000000000000a8c,2026-07-05T00:04:24.000Z,1,FAN_OUT,high
syn_evt_00000000e596_000000001bbdf2f4,wallet,syn_w_0000000000000a8c,2026-07-05T00:04:36.000Z,1,FAN_OUT,high
syn_evt_00000000e597_000000001bbe11e3,wallet,syn_w_0000000000000a8c,2026-07-05T00:04:48.000Z,1,FAN_OUT,high
syn_evt_00000000e598_000000001bbe30d2,wallet,syn_w_0000000000000a8c,2026-07-05T00:05:00.000Z,1,FAN_OUT,high
syn_evt_00000000e599_000000001bbe4fc1,wallet,syn_w_0000000000000a8c,2026-07-05T00:05:12.000Z,1,FAN_OUT,high
syn_evt_00000000e59a_000000001bbe6eb0,wallet,syn_w_0000000000000a8c,2026-07-05T00:05:24.000Z,1,FAN_OUT,high
syn_evt_00000000e59b_000000001bbe8d9f,wallet,syn_w_0000000000000a8c,2026-07-05T00:05:36.000Z,1,FAN_OUT,high
syn_evt_00000000e59c_000000001bbeac8e,wallet,syn_w_0000000000000a8c,2026-07-05T00:05:48.000Z,1,FAN_OUT,high
syn_evt_00000000e59d_000000001bbecb7d,wallet,syn_w_0000000000000a8c,2026-07-05T00:06:00.000Z,1,FAN_OUT,high
syn_evt_00000000e59e_000000001bbeea6c,wallet,syn_w_0000000000000a8c,2026-07-05T00:06:12.000Z,1,FAN_OUT,high
syn_evt_00000000e59f_000000001bbf095b,wallet,syn_w_0000000000000a8c,2026-07-05T00:06:24.000Z,1,FAN_OUT,high
syn_evt_00000000e5a0_000000001bbf284a,wallet,syn_w_0000000000000a8c,2026-07-05T00:06:36.000Z,1,FAN_OUT,high
syn_evt_00000000e5a1_000000001bbf4739,wallet,syn_w_0000000000000a8c,2026-07-05T00:06:48.000Z,1,FAN_OUT,high
syn_evt_00000000e5a2_000000001bbf6628,wallet,syn_w_0000000000000a8c,2026-07-05T00:07:00.000Z,1,FAN_OUT,high
syn_evt_00000000e5a3_000000001bbf8517,wallet,syn_w_0000000000000a8c,2026-07-05T00:07:12.000Z,1,FAN_OUT,high
syn_evt_00000000e5a4_000000001bbfa406,wallet,syn_w_0000000000000a8c,2026-07-05T00:07:24.000Z,1,FAN_OUT,high
syn_evt_00000000e5a5_000000001bbfc2f5,wallet,syn_w_0000000000000a8c,2026-07-05T00:07:36.000Z,1,FAN_OUT,high
syn_evt_00000000e5a6_000000001bbfe1e4,wallet,syn_w_0000000000000a8c,2026-07-05T00:07:48.000Z,1,FAN_OUT,high
syn_evt_00000000e5a7_000000001bc000d3,wallet,syn_w_0000000000000a8c,2026-07-05T00:08:00.000Z,1,FAN_OUT,high
syn_evt_00000000e5a8_000000001bc01fc2,wallet,syn_w_0000000000000a8c,2026-07-05T00:08:12.000Z,1,FAN_OUT,high
syn_evt_00000000e5a9_000000001bc03eb1,wallet,syn_w_0000000000000a8c,2026-07-05T00:08:24.000Z,1,FAN_OUT,high
syn_evt_00000000e5aa_000000001bc05da0,wallet,syn_w_0000000000000a8c,2026-07-05T00:08:36.000Z,1,FAN_OUT,high
syn_evt_00000000e5ab_000000001bc07c8f,wallet,syn_w_0000000000000a8c,2026-07-05T00:08:48.000Z,1,FAN_OUT,high
syn_evt_00000000e5ac_000000001bc09b7e,wallet,syn_w_0000000000000a8c,2026-07-05T00:09:00.000Z,1,FAN_OUT,high
syn_evt_00000000e5ad_000000001bc0ba6d,wallet,syn_w_0000000000000a8c,2026-07-05T00:09:12.000Z,1,FAN_OUT,high
syn_evt_00000000e5ae_000000001bc0d95c,wallet,syn_w_0000000000000a8c,2026-07-05T00:09:24.000Z,1,FAN_OUT,high
syn_evt_00000000e5af_000000001bc0f84b,wallet,syn_w_0000000000000a8c,2026-07-05T00:09:36.000Z,1,FAN_OUT,high
syn_evt_00000000e5b0_000000001bc1173a,wallet,syn_w_0000000000000a8c,2026-07-05T00:09:48.000Z,1,FAN_OUT,high
syn_evt_00000000e5b1_000000001bc13629,wallet,syn_w_0000000000000a8c,2026-07-05T00:10:00.000Z,1,FAN_OUT,high
syn_evt_00000000e5b2_000000001bc15518,wallet,syn_w_0000000000000a8c,2026-07-05T00:10:12.000Z,1,FAN_OUT,high
syn_evt_00000000e5b3_000000001bc17407,wallet,syn_w_0000000000000a8c,2026-07-05T00:10:24.000Z,1,FAN_OUT,high
syn_evt_00000000e5b4_000000001bc192f6,wallet,syn_w_0000000000000a8c,2026-07-05T00:10:36.000Z,1,FAN_OUT,high
syn_evt_00000000e5b5_000000001bc1b1e5,wallet,syn_w_0000000000000a8c,2026-07-05T00:10:48.000Z,1,FAN_OUT,high
syn_evt_00000000e5b6_000000001bc1d0d4,wallet,syn_w_0000000000000a8c,2026-07-05T00:11:00.000Z,1,FAN_OUT,high
syn_evt_00000000e5b7_000000001bc1efc3,wallet,syn_w_0000000000000a8c,2026-07-05T00:11:12.000Z,1,FAN_OUT,high
syn_evt_00000000e5b8_000000001bc20eb2,wallet,syn_w_0000000000000a8c,2026-07-05T00:11:24.000Z,1,FAN_OUT,high
syn_evt_00000000e5b9_000000001bc22da1,wallet,syn_w_0000000000000a8c,2026-07-05T00:11:36.000Z,1,FAN_OUT,high
syn_evt_00000000e5ba_000000001bc24c90,wallet,syn_w_0000000000000a8c,2026-07-05T00:11:48.000Z,1,FAN_OUT,high
syn_evt_00000000e5bb_000000001bc26b7f,wallet,syn_w_0000000000000a8c,2026-07-05T00:12:00.000Z,1,FAN_OUT,high
syn_evt_00000000e5bc_000000001bc28a6e,wallet,syn_w_0000000000000a8c,2026-07-05T00:12:12.000Z,1,FAN_OUT,high
syn_evt_00000000e5bd_000000001bc2a95d,wallet,syn_w_0000000000000a8c,2026-07-05T00:12:24.000Z,1,FAN_OUT,high
syn_evt_00000000e5be_000000001bc2c84c,wallet,syn_w_0000000000000a8c,2026-07-05T00:12:36.000Z,1,FAN_OUT,high
syn_evt_00000000e5bf_000000001bc2e73b,wallet,syn_w_0000000000000a8c,2026-07-05T00:12:48.000Z,1,FAN_OUT,high
syn_evt_00000000e5c0_000000001bc3062a,wallet,syn_w_0000000000000a8c,2026-07-05T00:13:00.000Z,1,FAN_OUT,high
syn_evt_00000000e5c1_000000001bc32519,wallet,syn_w_0000000000000a8c,2026-07-05T00:13:12.000Z,1,FAN_OUT,high
syn_evt_00000000e5c2_000000001bc34408,wallet,syn_w_0000000000000a8c,2026-07-05T00:13:24.000Z,1,FAN_OUT,high
syn_evt_00000000e5c3_000000001bc362f7,wallet,syn_w_0000000000000a8c,2026-07-05T00:13:36.000Z,1,FAN_OUT,high
syn_evt_00000000e5c4_000000001bc381e6,wallet,syn_w_0000000000000a8c,2026-07-05T00:13:48.000Z,1,FAN_OUT,high
syn_evt_00000000e5c5_000000001bc3a0d5,wallet,syn_w_0000000000000a8c,2026-07-05T00:14:00.000Z,1,FAN_OUT,high
syn_evt_00000000e5c6_000000001bc3bfc4,wallet,syn_w_0000000000000a8c,2026-07-05T00:14:12.000Z,1,FAN_OUT,high
syn_evt_00000000e5c7_000000001bc3deb3,wallet,syn_w_0000000000000a8c,2026-07-05T00:14:24.000Z,1,FAN_OUT,high
syn_evt_00000000e5c8_000000001bc3fda2,wallet,syn_w_0000000000000a8c,2026-07-05T00:14:36.000Z,1,FAN_OUT,high
syn_evt_00000000e5c9_000000001bc41c91,wallet,syn_w_0000000000000a8c,2026-07-05T00:14:48.000Z,1,FAN_OUT,high
syn_evt_00000000e5ca_000000001bc43b80,wallet,syn_w_0000000000000a8c,2026-07-05T00:15:00.000Z,1,FAN_OUT,high
syn_evt_00000000e5cb_000000001bc45a6f,wallet,syn_w_0000000000000a8c,2026-07-05T00:15:12.000Z,1,FAN_OUT,high
syn_evt_00000000e5cc_000000001bc4795e,wallet,syn_w_0000000000000a8c,2026-07-05T00:15:24.000Z,1,FAN_OUT,high
syn_evt_00000000e5cd_000000001bc4984d,wallet,syn_w_0000000000000a8c,2026-07-05T00:15:36.000Z,1,FAN_OUT,high
syn_evt_00000000e5ce_000000001bc4b73c,wallet,syn_w_0000000000000a8c,2026-07-05T00:15:48.000Z,1,FAN_OUT,high
syn_evt_00000000e5cf_000000001bc4d62b,wallet,syn_w_0000000000000a8c,2026-07-05T00:16:00.000Z,1,FAN_OUT,high
syn_evt_00000000e5d0_000000001bc4f51a,wallet,syn_w_0000000000000a8c,2026-07-05T00:16:12.000Z,1,FAN_OUT,high
syn_evt_00000000e5d1_000000001bc51409,wallet,syn_w_0000000000000a8c,2026-07-05T00:16:24.000Z,1,FAN_OUT,high
syn_evt_00000000e5d2_000000001bc532f8,wallet,syn_w_0000000000000a8c,2026-07-05T00:16:36.000Z,1,FAN_OUT,high
syn_evt_00000000e5d3_000000001bc551e7,wallet,syn_w_0000000000000a8c,2026-07-05T00:16:48.000Z,1,FAN_OUT,high
syn_evt_00000000e5d4_000000001bc570d6,wallet,syn_w_0000000000000a8c,2026-07-05T00:17:00.000Z,1,FAN_OUT,high
syn_evt_00000000e5d5_000000001bc58fc5,wallet,syn_w_0000000000000a8c,2026-07-05T00:17:12.000Z,1,FAN_OUT,high
syn_evt_00000000e5d6_000000001bc5aeb4,wallet,syn_w_0000000000000a8c,2026-07-05T00:17:24.000Z,1,FAN_OUT,high
syn_evt_00000000e5d7_000000001bc5cda3,wallet,syn_w_0000000000000a8c,2026-07-05T00:17:36.000Z,1,FAN_OUT,high
syn_evt_00000000e5d8_000000001bc5ec92,wallet,syn_w_0000000000000a8c,2026-07-05T00:17:48.000Z,1,FAN_OUT,high
syn_evt_00000000e5d9_000000001bc60b81,wallet,syn_w_0000000000000a8c,2026-07-05T00:18:00.000Z,1,FAN_OUT,high
syn_evt_00000000e5da_000000001bc62a70,wallet,syn_w_0000000000000a8c,2026-07-05T00:18:12.000Z,1,FAN_OUT,high
syn_evt_00000000e5db_000000001bc6495f,wallet,syn_w_0000000000000a8c,2026-07-05T00:18:24.000Z,1,FAN_OUT,high
syn_evt_00000000e5dc_000000001bc6684e,wallet,syn_w_0000000000000a8c,2026-07-05T00:18:36.000Z,1,FAN_OUT,high
syn_evt_00000000e5dd_000000001bc6873d,wallet,syn_w_0000000000000a8c,2026-07-05T00:18:48.000Z,1,FAN_OUT,high
syn_evt_00000000e5de_000000001bc6a62c,wallet,syn_w_0000000000000a8c,2026-07-05T00:19:00.000Z,1,FAN_OUT,high
syn_evt_00000000e5df_000000001bc6c51b,wallet,syn_w_0000000000000a8c,2026-07-05T00:19:12.000Z,1,FAN_OUT,high
syn_evt_00000000e5e0_000000001bc6e40a,wallet,syn_w_0000000000000a8c,2026-07-05T00:19:24.000Z,1,FAN_OUT,high
syn_evt_00000000e5e1_000000001bc702f9,wallet,syn_w_0000000000000a8c,2026-07-05T00:19:36.000Z,1,FAN_OUT,high
syn_evt_00000000e5e2_000000001bc721e8,wallet,syn_w_0000000000000a8c,2026-07-05T00:19:48.000Z,1,FAN_OUT,high
syn_evt_00000000e5e3_000000001bc740d7,wallet,syn_w_0000000000000b54,2026-07-13T00:00:00.000Z,1,FAN_OUT,high
syn_evt_00000000e5e4_000000001bc75fc6,wallet,syn_w_0000000000000b54,2026-07-13T00:00:12.000Z,1,FAN_OUT,high
syn_evt_00000000e5e5_000000001bc77eb5,wallet,syn_w_0000000000000b54,2026-07-13T00:00:24.000Z,1,FAN_OUT,high
syn_evt_00000000e5e6_000000001bc79da4,wallet,syn_w_0000000000000b54,2026-07-13T00:00:36.000Z,1,FAN_OUT,high
syn_evt_00000000e5e7_000000001bc7bc93,wallet,syn_w_0000000000000b54,2026-07-13T00:00:48.000Z,1,FAN_OUT,high
syn_evt_00000000e5e8_000000001bc7db82,wallet,syn_w_0000000000000b54,2026-07-13T00:01:00.000Z,1,FAN_OUT,high
syn_evt_00000000e5e9_000000001bc7fa71,wallet,syn_w_0000000000000b54,2026-07-13T00:01:12.000Z,1,FAN_OUT,high
syn_evt_00000000e5ea_000000001bc81960,wallet,syn_w_0000000000000b54,2026-07-13T00:01:24.000Z,1,FAN_OUT,high
syn_evt_00000000e5eb_000000001bc8384f,wallet,syn_w_0000000000000b54,2026-07-13T00:01:36.000Z,1,FAN_OUT,high
syn_evt_00000000e5ec_000000001bc8573e,wallet,syn_w_0000000000000b54,2026-07-13T00:01:48.000Z,1,FAN_OUT,high
syn_evt_00000000e5ed_000000001bc8762d,wallet,syn_w_0000000000000b54,2026-07-13T00:02:00.000Z,1,FAN_OUT,high
syn_evt_00000000e5ee_000000001bc8951c,wallet,syn_w_0000000000000b54,2026-07-13T00:02:12.000Z,1,FAN_OUT,high
syn_evt_00000000e5ef_000000001bc8b40b,wallet,syn_w_0000000000000b54,2026-07-13T00:02:24.000Z,1,FAN_OUT,high
syn_evt_00000000e5f0_000000001bc8d2fa,wallet,syn_w_0000000000000b54,2026-07-13T00:02:36.000Z,1,FAN_OUT,high
syn_evt_00000000e5f1_000000001bc8f1e9,wallet,syn_w_0000000000000b54,2026-07-13T00:02:48.000Z,1,FAN_OUT,high
syn_evt_00000000e5f2_000000001bc910d8,wallet,syn_w_0000000000000b54,2026-07-13T00:03:00.000Z,1,FAN_OUT,high
syn_evt_00000000e5f3_000000001bc92fc7,wallet,syn_w_0000000000000b54,2026-07-13T00:03:12.000Z,1,FAN_OUT,high
syn_evt_00000000e5f4_000000001bc94eb6,wallet,syn_w_0000000000000b54,2026-07-13T00:03:24.000Z,1,FAN_OUT,high
syn_evt_00000000e5f5_000000001bc96da5,wallet,syn_w_0000000000000b54,2026-07-13T00:03:36.000Z,1,FAN_OUT,high
syn_evt_00000000e5f6_000000001bc98c94,wallet,syn_w_0000000000000b54,2026-07-13T00:03:48.000Z,1,FAN_OUT,high
syn_evt_00000000e5f7_000000001bc9ab83,wallet,syn_w_0000000000000b54,2026-07-13T00:04:00.000Z,1,FAN_OUT,high
syn_evt_00000000e5f8_000000001bc9ca72,wallet,syn_w_0000000000000b54,2026-07-13T00:04:12.000Z,1,FAN_OUT,high
syn_evt_00000000e5f9_000000001bc9e961,wallet,syn_w_0000000000000b54,2026-07-13T00:04:24.000Z,1,FAN_OUT,high
syn_evt_00000000e5fa_000000001bca0850,wallet,syn_w_0000000000000b54,2026-07-13T00:04:36.000Z,1,FAN_OUT,high
syn_evt_00000000e5fb_000000001bca273f,wallet,syn_w_0000000000000b54,2026-07-13T00:04:48.000Z,1,FAN_OUT,high
syn_evt_00000000e5fc_000000001bca462e,wallet,syn_w_0000000000000b54,2026-07-13T00:05:00.000Z,1,FAN_OUT,high
syn_evt_00000000e5fd_000000001bca651d,wallet,syn_w_0000000000000b54,2026-07-13T00:05:12.000Z,1,FAN_OUT,high
syn_evt_00000000e5fe_000000001bca840c,wallet,syn_w_0000000000000b54,2026-07-13T00:05:24.000Z,1,FAN_OUT,high
syn_evt_00000000e5ff_000000001bcaa2fb,wallet,syn_w_0000000000000b54,2026-07-13T00:05:36.000Z,1,FAN_OUT,high
syn_evt_00000000e600_000000001bcac1ea,wallet,syn_w_0000000000000b54,2026-07-13T00:05:48.000Z,1,FAN_OUT,high
syn_evt_00000000e601_000000001bcae0d9,wallet,syn_w_0000000000000b54,2026-07-13T00:06:00.000Z,1,FAN_OUT,high
syn_evt_00000000e602_000000001bcaffc8,wallet,syn_w_0000000000000b54,2026-07-13T00:06:12.000Z,1,FAN_OUT,high
syn_evt_00000000e603_000000001bcb1eb7,wallet,syn_w_0000000000000b54,2026-07-13T00:06:24.000Z,1,FAN_OUT,high
syn_evt_00000000e604_000000001bcb3da6,wallet,syn_w_0000000000000b54,2026-07-13T00:06:36.000Z,1,FAN_OUT,high
syn_evt_00000000e605_000000001bcb5c95,wallet,syn_w_0000000000000b54,2026-07-13T00:06:48.000Z,1,FAN_OUT,high
syn_evt_00000000e606_000000001bcb7b84,wallet,syn_w_0000000000000b54,2026-07-13T00:07:00.000Z,1,FAN_OUT,high
syn_evt_00000000e607_000000001bcb9a73,wallet,syn_w_0000000000000b54,2026-07-13T00:07:12.000Z,1,FAN_OUT,high
syn_evt_00000000e608_000000001bcbb962,wallet,syn_w_0000000000000b54,2026-07-13T00:07:24.000Z,1,FAN_OUT,high
syn_evt_00000000e609_000000001bcbd851,wallet,syn_w_0000000000000b54,2026-07-13T00:07:36.000Z,1,FAN_OUT,high
syn_evt_00000000e60a_000000001bcbf740,wallet,syn_w_0000000000000b54,2026-07-13T00:07:48.000Z,1,FAN_OUT,high
syn_evt_00000000e60b_000000001bcc162f,wallet,syn_w_0000000000000b54,2026-07-13T00:08:00.000Z,1,FAN_OUT,high
syn_evt_00000000e60c_000000001bcc351e,wallet,syn_w_0000000000000b54,2026-07-13T00:08:12.000Z,1,FAN_OUT,high
syn_evt_00000000e60d_000000001bcc540d,wallet,syn_w_0000000000000b54,2026-07-13T00:08:24.000Z,1,FAN_OUT,high
syn_evt_00000000e60e_000000001bcc72fc,wallet,syn_w_0000000000000b54,2026-07-13T00:08:36.000Z,1,FAN_OUT,high
syn_evt_00000000e60f_000000001bcc91eb,wallet,syn_w_0000000000000b54,2026-07-13T00:08:48.000Z,1,FAN_OUT,high
syn_evt_00000000e610_000000001bccb0da,wallet,syn_w_0000000000000b54,2026-07-13T00:09:00.000Z,1,FAN_OUT,high
syn_evt_00000000e611_000000001bcccfc9,wallet,syn_w_0000000000000b54,2026-07-13T00:09:12.000Z,1,FAN_OUT,high
syn_evt_00000000e612_000000001bcceeb8,wallet,syn_w_0000000000000b54,2026-07-13T00:09:24.000Z,1,FAN_OUT,high
syn_evt_00000000e613_000000001bcd0da7,wallet,syn_w_0000000000000b54,2026-07-13T00:09:36.000Z,1,FAN_OUT,high
syn_evt_00000000e614_000000001bcd2c96,wallet,syn_w_0000000000000b54,2026-07-13T00:09:48.000Z,1,FAN_OUT,high
syn_evt_00000000e615_000000001bcd4b85,wallet,syn_w_0000000000000b54,2026-07-13T00:10:00.000Z,1,FAN_OUT,high
syn_evt_00000000e616_000000001bcd6a74,wallet,syn_w_0000000000000b54,2026-07-13T00:10:12.000Z,1,FAN_OUT,high
syn_evt_00000000e617_000000001bcd8963,wallet,syn_w_0000000000000b54,2026-07-13T00:10:24.000Z,1,FAN_OUT,high
syn_evt_00000000e618_000000001bcda852,wallet,syn_w_0000000000000b54,2026-07-13T00:10:36.000Z,1,FAN_OUT,high
syn_evt_00000000e619_000000001bcdc741,wallet,syn_w_0000000000000b54,2026-07-13T00:10:48.000Z,1,FAN_OUT,high
syn_evt_00000000e61a_000000001bcde630,wallet,syn_w_0000000000000b54,2026-07-13T00:11:00.000Z,1,FAN_OUT,high
syn_evt_00000000e61b_000000001bce051f,wallet,syn_w_0000000000000b54,2026-07-13T00:11:12.000Z,1,FAN_OUT,high
syn_evt_00000000e61c_000000001bce240e,wallet,syn_w_0000000000000b54,2026-07-13T00:11:24.000Z,1,FAN_OUT,high
syn_evt_00000000e61d_000000001bce42fd,wallet,syn_w_0000000000000b54,2026-07-13T00:11:36.000Z,1,FAN_OUT,high
syn_evt_00000000e61e_000000001bce61ec,wallet,syn_w_0000000000000b54,2026-07-13T00:11:48.000Z,1,FAN_OUT,high
syn_evt_00000000e61f_000000001bce80db,wallet,syn_w_0000000000000b54,2026-07-13T00:12:00.000Z,1,FAN_OUT,high
syn_evt_00000000e620_000000001bce9fca,wallet,syn_w_0000000000000b54,2026-07-13T00:12:12.000Z,1,FAN_OUT,high
syn_evt_00000000e621_000000001bcebeb9,wallet,syn_w_0000000000000b54,2026-07-13T00:12:24.000Z,1,FAN_OUT,high
syn_evt_00000000e622_000000001bcedda8,wallet,syn_w_0000000000000b54,2026-07-13T00:12:36.000Z,1,FAN_OUT,high
syn_evt_00000000e623_000000001bcefc97,wallet,syn_w_0000000000000b54,2026-07-13T00:12:48.000Z,1,FAN_OUT,high
syn_evt_00000000e624_000000001bcf1b86,wallet,syn_w_0000000000000b54,2026-07-13T00:13:00.000Z,1,FAN_OUT,high
syn_evt_00000000e625_000000001bcf3a75,wallet,syn_w_0000000000000b54,2026-07-13T00:13:12.000Z,1,FAN_OUT,high
syn_evt_00000000e626_000000001bcf5964,wallet,syn_w_0000000000000b54,2026-07-13T00:13:24.000Z,1,FAN_OUT,high
syn_evt_00000000e627_000000001bcf7853,wallet,syn_w_0000000000000b54,2026-07-13T00:13:36.000Z,1,FAN_OUT,high
syn_evt_00000000e628_000000001bcf9742,wallet,syn_w_0000000000000b54,2026-07-13T00:13:48.000Z,1,FAN_OUT,high
syn_evt_00000000e629_000000001bcfb631,wallet,syn_w_0000000000000b54,2026-07-13T00:14:00.000Z,1,FAN_OUT,high
syn_evt_00000000e62a_000000001bcfd520,wallet,syn_w_0000000000000b54,2026-07-13T00:14:12.000Z,1,FAN_OUT,high
syn_evt_00000000e62b_000000001bcff40f,wallet,syn_w_0000000000000b54,2026-07-13T00:14:24.000Z,1,FAN_OUT,high
syn_evt_00000000e62c_000000001bd012fe,wallet,syn_w_0000000000000b54,2026-07-13T00:14:36.000Z,1,FAN_OUT,high
syn_evt_00000000e62d_000000001bd031ed,wallet,syn_w_0000000000000b54,2026-07-13T00:14:48.000Z,1,FAN_OUT,high
syn_evt_00000000e62e_000000001bd050dc,wallet,syn_w_0000000000000c1c,2026-07-20T00:00:00.000Z,1,FAN_OUT,high
syn_evt_00000000e62f_000000001bd06fcb,wallet,syn_w_0000000000000c1c,2026-07-20T00:00:12.000Z,1,FAN_OUT,high
syn_evt_00000000e630_000000001bd08eba,wallet,syn_w_0000000000000c1c,2026-07-20T00:00:24.000Z,1,FAN_OUT,high
syn_evt_00000000e631_000000001bd0ada9,wallet,syn_w_0000000000000c1c,2026-07-20T00:00:36.000Z,1,FAN_OUT,high
syn_evt_00000000e632_000000001bd0cc98,wallet,syn_w_0000000000000c1c,2026-07-20T00:00:48.000Z,1,FAN_OUT,high
syn_evt_00000000e633_000000001bd0eb87,wallet,syn_w_0000000000000c1c,2026-07-20T00:01:00.000Z,1,FAN_OUT,high
syn_evt_00000000e634_000000001bd10a76,wallet,syn_w_0000000000000c1c,2026-07-20T00:01:12.000Z,1,FAN_OUT,high
syn_evt_00000000e635_000000001bd12965,wallet,syn_w_0000000000000c1c,2026-07-20T00:01:24.000Z,1,FAN_OUT,high
syn_evt_00000000e636_000000001bd14854,wallet,syn_w_0000000000000c1c,2026-07-20T00:01:36.000Z,1,FAN_OUT,high
syn_evt_00000000e637_000000001bd16743,wallet,syn_w_0000000000000c1c,2026-07-20T00:01:48.000Z,1,FAN_OUT,high
syn_evt_00000000e638_000000001bd18632,wallet,syn_w_0000000000000c1c,2026-07-20T00:02:00.000Z,1,FAN_OUT,high
syn_evt_00000000e639_000000001bd1a521,wallet,syn_w_0000000000000c1c,2026-07-20T00:02:12.000Z,1,FAN_OUT,high
syn_evt_00000000e63a_000000001bd1c410,wallet,syn_w_0000000000000c1c,2026-07-20T00:02:24.000Z,1,FAN_OUT,high
syn_evt_00000000e63b_000000001bd1e2ff,wallet,syn_w_0000000000000c1c,2026-07-20T00:02:36.000Z,1,FAN_OUT,high
syn_evt_00000000e63c_000000001bd201ee,wallet,syn_w_0000000000000c1c,2026-07-20T00:02:48.000Z,1,FAN_OUT,high
syn_evt_00000000e63d_000000001bd220dd,wallet,syn_w_0000000000000c1c,2026-07-20T00:03:00.000Z,1,FAN_OUT,high
syn_evt_00000000e63e_000000001bd23fcc,wallet,syn_w_0000000000000c1c,2026-07-20T00:03:12.000Z,1,FAN_OUT,high
syn_evt_00000000e63f_000000001bd25ebb,wallet,syn_w_0000000000000c1c,2026-07-20T00:03:24.000Z,1,FAN_OUT,high
syn_evt_00000000e640_000000001bd27daa,wallet,syn_w_0000000000000c1c,2026-07-20T00:03:36.000Z,1,FAN_OUT,high
syn_evt_00000000e641_000000001bd29c99,wallet,syn_w_0000000000000c1c,2026-07-20T00:03:48.000Z,1,FAN_OUT,high
syn_evt_00000000e642_000000001bd2bb88,wallet,syn_w_0000000000000c1c,2026-07-20T00:04:00.000Z,1,FAN_OUT,high
syn_evt_00000000e643_000000001bd2da77,wallet,syn_w_0000000000000c1c,2026-07-20T00:04:12.000Z,1,FAN_OUT,high
syn_evt_00000000e644_000000001bd2f966,wallet,syn_w_0000000000000c1c,2026-07-20T00:04:24.000Z,1,FAN_OUT,high
syn_evt_00000000e645_000000001bd31855,wallet,syn_w_0000000000000c1c,2026-07-20T00:04:36.000Z,1,FAN_OUT,high
syn_evt_00000000e646_000000001bd33744,wallet,syn_w_0000000000000c1c,2026-07-20T00:04:48.000Z,1,FAN_OUT,high
syn_evt_00000000e647_000000001bd35633,wallet,syn_w_0000000000000c1c,2026-07-20T00:05:00.000Z,1,FAN_OUT,high
syn_evt_00000000e648_000000001bd37522,wallet,syn_w_0000000000000c1c,2026-07-20T00:05:12.000Z,1,FAN_OUT,high
syn_evt_00000000e649_000000001bd39411,wallet,syn_w_0000000000000c1c,2026-07-20T00:05:24.000Z,1,FAN_OUT,high
syn_evt_00000000e64a_000000001bd3b300,wallet,syn_w_0000000000000c1c,2026-07-20T00:05:36.000Z,1,FAN_OUT,high
syn_evt_00000000e64b_000000001bd3d1ef,wallet,syn_w_0000000000000c1c,2026-07-20T00:05:48.000Z,1,FAN_OUT,high
syn_evt_00000000e64c_000000001bd3f0de,wallet,syn_w_0000000000000c1c,2026-07-20T00:06:00.000Z,1,FAN_OUT,high
syn_evt_00000000e64d_000000001bd40fcd,wallet,syn_w_0000000000000c1c,2026-07-20T00:06:12.000Z,1,FAN_OUT,high
syn_evt_00000000e64e_000000001bd42ebc,wallet,syn_w_0000000000000c1c,2026-07-20T00:06:24.000Z,1,FAN_OUT,high
syn_evt_00000000e64f_000000001bd44dab,wallet,syn_w_0000000000000c1c,2026-07-20T00:06:36.000Z,1,FAN_OUT,high
syn_evt_00000000e650_000000001bd46c9a,wallet,syn_w_0000000000000c1c,2026-07-20T00:06:48.000Z,1,FAN_OUT,high
syn_evt_00000000e651_000000001bd48b89,wallet,syn_w_0000000000000c1c,2026-07-20T00:07:00.000Z,1,FAN_OUT,high
syn_evt_00000000e652_000000001bd4aa78,wallet,syn_w_0000000000000c1c,2026-07-20T00:07:12.000Z,1,FAN_OUT,high
syn_evt_00000000e653_000000001bd4c967,wallet,syn_w_0000000000000c1c,2026-07-20T00:07:24.000Z,1,FAN_OUT,high
syn_evt_00000000e654_000000001bd4e856,wallet,syn_w_0000000000000c1c,2026-07-20T00:07:36.000Z,1,FAN_OUT,high
syn_evt_00000000e655_000000001bd50745,wallet,syn_w_0000000000000c1c,2026-07-20T00:07:48.000Z,1,FAN_OUT,high
syn_evt_00000000e656_000000001bd52634,wallet,syn_w_0000000000000ce4,2026-07-26T00:00:00.000Z,1,FAN_OUT,high
syn_evt_00000000e657_000000001bd54523,wallet,syn_w_0000000000000ce4,2026-07-26T00:00:12.000Z,1,FAN_OUT,high
syn_evt_00000000e658_000000001bd56412,wallet,syn_w_0000000000000ce4,2026-07-26T00:00:24.000Z,1,FAN_OUT,high
syn_evt_00000000e659_000000001bd58301,wallet,syn_w_0000000000000ce4,2026-07-26T00:00:36.000Z,1,FAN_OUT,high
syn_evt_00000000e65a_000000001bd5a1f0,wallet,syn_w_0000000000000ce4,2026-07-26T00:00:48.000Z,1,FAN_OUT,high
syn_evt_00000000e65b_000000001bd5c0df,wallet,syn_w_0000000000000ce4,2026-07-26T00:01:00.000Z,1,FAN_OUT,high
syn_evt_00000000e65c_000000001bd5dfce,wallet,syn_w_0000000000000ce4,2026-07-26T00:01:12.000Z,1,FAN_OUT,high
syn_evt_00000000e65d_000000001bd5febd,wallet,syn_w_0000000000000ce4,2026-07-26T00:01:24.000Z,1,FAN_OUT,high
syn_evt_00000000e65e_000000001bd61dac,wallet,syn_w_0000000000000ce4,2026-07-26T00:01:36.000Z,1,FAN_OUT,high
syn_evt_00000000e65f_000000001bd63c9b,wallet,syn_w_0000000000000ce4,2026-07-26T00:01:48.000Z,1,FAN_OUT,high
syn_evt_00000000e660_000000001bd65b8a,wallet,syn_w_0000000000000ce4,2026-07-26T00:02:00.000Z,1,FAN_OUT,high
syn_evt_00000000e661_000000001bd67a79,wallet,syn_w_0000000000000ce4,2026-07-26T00:02:12.000Z,1,FAN_OUT,high
syn_evt_00000000e662_000000001bd69968,wallet,syn_w_0000000000000ce4,2026-07-26T00:02:24.000Z,1,FAN_OUT,high
syn_evt_00000000e663_000000001bd6b857,wallet,syn_w_0000000000000ce4,2026-07-26T00:02:36.000Z,1,FAN_OUT,high
syn_evt_00000000e664_000000001bd6d746,wallet,syn_w_0000000000000ce4,2026-07-26T00:02:48.000Z,1,FAN_OUT,high
syn_evt_00000000e665_000000001bd6f635,wallet,syn_w_0000000000000ce4,2026-07-26T00:03:00.000Z,1,FAN_OUT,high
syn_evt_00000000e666_000000001bd71524,wallet,syn_w_0000000000000ce4,2026-07-26T00:03:12.000Z,1,FAN_OUT,high
syn_evt_00000000e667_000000001bd73413,wallet,syn_w_0000000000000ce4,2026-07-26T00:03:24.000Z,1,FAN_OUT,high
syn_evt_00000000e668_000000001bd75302,wallet,syn_w_0000000000000ce4,2026-07-26T00:03:36.000Z,1,FAN_OUT,high
syn_evt_00000000e669_000000001bd771f1,wallet,syn_w_0000000000000ce4,2026-07-26T00:03:48.000Z,1,FAN_OUT,high
syn_evt_00000000e66a_000000001bd790e0,wallet,syn_w_0000000000000ce4,2026-07-26T00:04:00.000Z,1,FAN_OUT,high
syn_evt_00000000e66b_000000001bd7afcf,wallet,syn_w_0000000000000ce4,2026-07-26T00:04:12.000Z,1,FAN_OUT,high
syn_evt_00000000e66c_000000001bd7cebe,wallet,syn_w_0000000000000ce4,2026-07-26T00:04:24.000Z,1,FAN_OUT,high
syn_evt_00000000e66d_000000001bd7edad,wallet,syn_w_0000000000000ce4,2026-07-26T00:04:36.000Z,1,FAN_OUT,high
syn_evt_00000000e66e_000000001bd80c9c,wallet,syn_w_0000000000000ce4,2026-07-26T00:04:48.000Z,1,FAN_OUT,high
syn_evt_00000000e66f_000000001bd82b8b,wallet,syn_w_0000000000000ce4,2026-07-26T00:05:00.000Z,1,FAN_OUT,high
syn_evt_00000000e670_000000001bd84a7a,wallet,syn_w_0000000000000ce4,2026-07-26T00:05:12.000Z,1,FAN_OUT,high
syn_evt_00000000e671_000000001bd86969,wallet,syn_w_0000000000000ce4,2026-07-26T00:05:24.000Z,1,FAN_OUT,high
syn_evt_00000000e672_000000001bd88858,wallet,syn_w_0000000000000ce4,2026-07-26T00:05:36.000Z,1,FAN_OUT,high
syn_evt_00000000e673_000000001bd8a747,wallet,syn_w_0000000000000ce4,2026-07-26T00:05:48.000Z,1,FAN_OUT,high
syn_evt_00000000e674_000000001bd8c636,wallet,syn_w_0000000000000ce4,2026-07-26T00:06:00.000Z,1,FAN_OUT,high
syn_evt_00000000e675_000000001bd8e525,wallet,syn_w_0000000000000ce4,2026-07-26T00:06:12.000Z,1,FAN_OUT,high
syn_evt_00000000e676_000000001bd90414,wallet,syn_w_0000000000000ce4,2026-07-26T00:06:24.000Z,1,FAN_OUT,high
syn_evt_00000000e677_000000001bd92303,wallet,syn_w_0000000000000ce4,2026-07-26T00:06:36.000Z,1,FAN_OUT,high
syn_evt_00000000e678_000000001bd941f2,wallet,syn_w_0000000000000ce4,2026-07-26T00:06:48.000Z,1,FAN_OUT,high
syn_evt_00000000e679_000000001bd960e1,wallet,syn_w_0000000000000e42,2026-07-05T00:00:00.000Z,1,FAN_IN,high
syn_evt_00000000e67a_000000001bd97fd0,wallet,syn_w_0000000000000e43,2026-07-05T00:00:14.000Z,1,FAN_IN,high
syn_evt_00000000e67b_000000001bd99ebf,wallet,syn_w_0000000000000e44,2026-07-05T00:00:28.000Z,1,FAN_IN,high
syn_evt_00000000e67c_000000001bd9bdae,wallet,syn_w_0000000000000e45,2026-07-05T00:00:42.000Z,1,FAN_IN,high
syn_evt_00000000e67d_000000001bd9dc9d,wallet,syn_w_0000000000000e46,2026-07-05T00:00:56.000Z,1,FAN_IN,high
syn_evt_00000000e67e_000000001bd9fb8c,wallet,syn_w_0000000000000e47,2026-07-05T00:01:10.000Z,1,FAN_IN,high
syn_evt_00000000e67f_000000001bda1a7b,wallet,syn_w_0000000000000e48,2026-07-05T00:01:24.000Z,1,FAN_IN,high
syn_evt_00000000e680_000000001bda396a,wallet,syn_w_0000000000000e49,2026-07-05T00:01:38.000Z,1,FAN_IN,high
syn_evt_00000000e681_000000001bda5859,wallet,syn_w_0000000000000e4a,2026-07-05T00:01:52.000Z,1,FAN_IN,high
syn_evt_00000000e682_000000001bda7748,wallet,syn_w_0000000000000e4b,2026-07-05T00:02:06.000Z,1,FAN_IN,high
syn_evt_00000000e683_000000001bda9637,wallet,syn_w_0000000000000e4c,2026-07-05T00:02:20.000Z,1,FAN_IN,high
syn_evt_00000000e684_000000001bdab526,wallet,syn_w_0000000000000e4d,2026-07-05T00:02:34.000Z,1,FAN_IN,high
syn_evt_00000000e685_000000001bdad415,wallet,syn_w_0000000000000e4e,2026-07-05T00:02:48.000Z,1,FAN_IN,high
syn_evt_00000000e686_000000001bdaf304,wallet,syn_w_0000000000000e4f,2026-07-05T00:03:02.000Z,1,FAN_IN,high
syn_evt_00000000e687_000000001bdb11f3,wallet,syn_w_0000000000000e50,2026-07-05T00:03:16.000Z,1,FAN_IN,high
syn_evt_00000000e688_000000001bdb30e2,wallet,syn_w_0000000000000e51,2026-07-05T00:03:30.000Z,1,FAN_IN,high
syn_evt_00000000e689_000000001bdb4fd1,wallet,syn_w_0000000000000e52,2026-07-05T00:03:44.000Z,1,FAN_IN,high
syn_evt_00000000e68a_000000001bdb6ec0,wallet,syn_w_0000000000000e53,2026-07-05T00:03:58.000Z,1,FAN_IN,high
syn_evt_00000000e68b_000000001bdb8daf,wallet,syn_w_0000000000000e54,2026-07-05T00:04:12.000Z,1,FAN_IN,high
syn_evt_00000000e68c_000000001bdbac9e,wallet,syn_w_0000000000000e55,2026-07-05T00:04:26.000Z,1,FAN_IN,high
syn_evt_00000000e68d_000000001bdbcb8d,wallet,syn_w_0000000000000e56,2026-07-05T00:04:40.000Z,1,FAN_IN,high
syn_evt_00000000e68e_000000001bdbea7c,wallet,syn_w_0000000000000e57,2026-07-05T00:04:54.000Z,1,FAN_IN,high
syn_evt_00000000e68f_000000001bdc096b,wallet,syn_w_0000000000000e58,2026-07-05T00:05:08.000Z,1,FAN_IN,high
syn_evt_00000000e690_000000001bdc285a,wallet,syn_w_0000000000000e59,2026-07-05T00:05:22.000Z,1,FAN_IN,high
syn_evt_00000000e691_000000001bdc4749,wallet,syn_w_0000000000000e5a,2026-07-05T00:05:36.000Z,1,FAN_IN,high
syn_evt_00000000e692_000000001bdc6638,wallet,syn_w_0000000000000e5b,2026-07-05T00:05:50.000Z,1,FAN_IN,high
syn_evt_00000000e693_000000001bdc8527,wallet,syn_w_0000000000000e5c,2026-07-05T00:06:04.000Z,1,FAN_IN,high
syn_evt_00000000e694_000000001bdca416,wallet,syn_w_0000000000000e5d,2026-07-05T00:06:18.000Z,1,FAN_IN,high
syn_evt_00000000e695_000000001bdcc305,wallet,syn_w_0000000000000e5e,2026-07-05T00:06:32.000Z,1,FAN_IN,high
syn_evt_00000000e696_000000001bdce1f4,wallet,syn_w_0000000000000e5f,2026-07-05T00:06:46.000Z,1,FAN_IN,high
syn_evt_00000000e697_000000001bdd00e3,wallet,syn_w_0000000000000e60,2026-07-05T00:07:00.000Z,1,FAN_IN,high
syn_evt_00000000e698_000000001bdd1fd2,wallet,syn_w_0000000000000e61,2026-07-05T00:07:14.000Z,1,FAN_IN,high
syn_evt_00000000e699_000000001bdd3ec1,wallet,syn_w_0000000000000e62,2026-07-05T00:07:28.000Z,1,FAN_IN,high
syn_evt_00000000e69a_000000001bdd5db0,wallet,syn_w_0000000000000e63,2026-07-05T00:07:42.000Z,1,FAN_IN,high
syn_evt_00000000e69b_000000001bdd7c9f,wallet,syn_w_0000000000000e64,2026-07-05T00:07:56.000Z,1,FAN_IN,high
syn_evt_00000000e69c_000000001bdd9b8e,wallet,syn_w_0000000000000e65,2026-07-05T00:08:10.000Z,1,FAN_IN,high
syn_evt_00000000e69d_000000001bddba7d,wallet,syn_w_0000000000000e66,2026-07-05T00:08:24.000Z,1,FAN_IN,high
syn_evt_00000000e69e_000000001bddd96c,wallet,syn_w_0000000000000e67,2026-07-05T00:08:38.000Z,1,FAN_IN,high
syn_evt_00000000e69f_000000001bddf85b,wallet,syn_w_0000000000000e68,2026-07-05T00:08:52.000Z,1,FAN_IN,high
syn_evt_00000000e6a0_000000001bde174a,wallet,syn_w_0000000000000e69,2026-07-05T00:09:06.000Z,1,FAN_IN,high
syn_evt_00000000e6a1_000000001bde3639,wallet,syn_w_0000000000000e6a,2026-07-05T00:09:20.000Z,1,FAN_IN,high
syn_evt_00000000e6a2_000000001bde5528,wallet,syn_w_0000000000000e6b,2026-07-05T00:09:34.000Z,1,FAN_IN,high
syn_evt_00000000e6a3_000000001bde7417,wallet,syn_w_0000000000000e6c,2026-07-05T00:09:48.000Z,1,FAN_IN,high
syn_evt_00000000e6a4_000000001bde9306,wallet,syn_w_0000000000000e6d,2026-07-05T00:10:02.000Z,1,FAN_IN,high
syn_evt_00000000e6a5_000000001bdeb1f5,wallet,syn_w_0000000000000e6e,2026-07-05T00:10:16.000Z,1,FAN_IN,high
syn_evt_00000000e6a6_000000001bded0e4,wallet,syn_w_0000000000000e6f,2026-07-05T00:10:30.000Z,1,FAN_IN,high
syn_evt_00000000e6a7_000000001bdeefd3,wallet,syn_w_0000000000000e70,2026-07-05T00:10:44.000Z,1,FAN_IN,high
syn_evt_00000000e6a8_000000001bdf0ec2,wallet,syn_w_0000000000000e71,2026-07-05T00:10:58.000Z,1,FAN_IN,high
syn_evt_00000000e6a9_000000001bdf2db1,wallet,syn_w_0000000000000e72,2026-07-05T00:11:12.000Z,1,FAN_IN,high
syn_evt_00000000e6aa_000000001bdf4ca0,wallet,syn_w_0000000000000e73,2026-07-05T00:11:26.000Z,1,FAN_IN,high
syn_evt_00000000e6ab_000000001bdf6b8f,wallet,syn_w_0000000000000e74,2026-07-05T00:11:40.000Z,1,FAN_IN,high
syn_evt_00000000e6ac_000000001bdf8a7e,wallet,syn_w_0000000000000e75,2026-07-05T00:11:54.000Z,1,FAN_IN,high
syn_evt_00000000e6ad_000000001bdfa96d,wallet,syn_w_0000000000000e76,2026-07-05T00:12:08.000Z,1,FAN_IN,high
syn_evt_00000000e6ae_000000001bdfc85c,wallet,syn_w_0000000000000e77,2026-07-05T00:12:22.000Z,1,FAN_IN,high
syn_evt_00000000e6af_000000001bdfe74b,wallet,syn_w_0000000000000e78,2026-07-05T00:12:36.000Z,1,FAN_IN,high
syn_evt_00000000e6b0_000000001be0063a,wallet,syn_w_0000000000000e79,2026-07-05T00:12:50.000Z,1,FAN_IN,high
syn_evt_00000000e6b1_000000001be02529,wallet,syn_w_0000000000000e7a,2026-07-05T00:13:04.000Z,1,FAN_IN,high
syn_evt_00000000e6b2_000000001be04418,wallet,syn_w_0000000000000e7b,2026-07-05T00:13:18.000Z,1,FAN_IN,high
syn_evt_00000000e6b3_000000001be06307,wallet,syn_w_0000000000000e7c,2026-07-05T00:13:32.000Z,1,FAN_IN,high
syn_evt_00000000e6b4_000000001be081f6,wallet,syn_w_0000000000000e7d,2026-07-05T00:13:46.000Z,1,FAN_IN,high
syn_evt_00000000e6b5_000000001be0a0e5,wallet,syn_w_0000000000000e7e,2026-07-05T00:14:00.000Z,1,FAN_IN,high
syn_evt_00000000e6b6_000000001be0bfd4,wallet,syn_w_0000000000000e7f,2026-07-05T00:14:14.000Z,1,FAN_IN,high
syn_evt_00000000e6b7_000000001be0dec3,wallet,syn_w_0000000000000e80,2026-07-05T00:14:28.000Z,1,FAN_IN,high
syn_evt_00000000e6b8_000000001be0fdb2,wallet,syn_w_0000000000000e81,2026-07-05T00:14:42.000Z,1,FAN_IN,high
syn_evt_00000000e6b9_000000001be11ca1,wallet,syn_w_0000000000000e82,2026-07-05T00:14:56.000Z,1,FAN_IN,high
syn_evt_00000000e6ba_000000001be13b90,wallet,syn_w_0000000000000e83,2026-07-05T00:15:10.000Z,1,FAN_IN,high
syn_evt_00000000e6bb_000000001be15a7f,wallet,syn_w_0000000000000e84,2026-07-05T00:15:24.000Z,1,FAN_IN,high
syn_evt_00000000e6bc_000000001be1796e,wallet,syn_w_0000000000000e85,2026-07-05T00:15:38.000Z,1,FAN_IN,high
syn_evt_00000000e6bd_000000001be1985d,wallet,syn_w_0000000000000e86,2026-07-05T00:15:52.000Z,1,FAN_IN,high
syn_evt_00000000e6be_000000001be1b74c,wallet,syn_w_0000000000000e87,2026-07-05T00:16:06.000Z,1,FAN_IN,high
syn_evt_00000000e6bf_000000001be1d63b,wallet,syn_w_0000000000000e88,2026-07-05T00:16:20.000Z,1,FAN_IN,high
syn_evt_00000000e6c0_000000001be1f52a,wallet,syn_w_0000000000000e89,2026-07-05T00:16:34.000Z,1,FAN_IN,high
syn_evt_00000000e6c1_000000001be21419,wallet,syn_w_0000000000000e8a,2026-07-05T00:16:48.000Z,1,FAN_IN,high
syn_evt_00000000e6c2_000000001be23308,wallet,syn_w_0000000000000e8b,2026-07-05T00:17:02.000Z,1,FAN_IN,high
syn_evt_00000000e6c3_000000001be251f7,wallet,syn_w_0000000000000e8c,2026-07-05T00:17:16.000Z,1,FAN_IN,high
syn_evt_00000000e6c4_000000001be270e6,wallet,syn_w_0000000000000e8d,2026-07-05T00:17:30.000Z,1,FAN_IN,high
syn_evt_00000000e6c5_000000001be28fd5,wallet,syn_w_0000000000000e8e,2026-07-05T00:17:44.000Z,1,FAN_IN,high
syn_evt_00000000e6c6_000000001be2aec4,wallet,syn_w_0000000000000e8f,2026-07-05T00:17:58.000Z,1,FAN_IN,high
syn_evt_00000000e6c7_000000001be2cdb3,wallet,syn_w_0000000000000e90,2026-07-05T00:18:12.000Z,1,FAN_IN,high
syn_evt_00000000e6c8_000000001be2eca2,wallet,syn_w_0000000000000e91,2026-07-05T00:18:26.000Z,1,FAN_IN,high
syn_evt_00000000e6c9_000000001be30b91,wallet,syn_w_0000000000000e92,2026-07-05T00:18:40.000Z,1,FAN_IN,high
syn_evt_00000000e6ca_000000001be32a80,wallet,syn_w_0000000000000e93,2026-07-05T00:18:54.000Z,1,FAN_IN,high
syn_evt_00000000e6cb_000000001be3496f,wallet,syn_w_0000000000000e94,2026-07-05T00:19:08.000Z,1,FAN_IN,high
syn_evt_00000000e6cc_000000001be3685e,wallet,syn_w_0000000000000e95,2026-07-05T00:19:22.000Z,1,FAN_IN,high
syn_evt_00000000e6cd_000000001be3874d,wallet,syn_w_0000000000000e96,2026-07-05T00:19:36.000Z,1,FAN_IN,high
syn_evt_00000000e6ce_000000001be3a63c,wallet,syn_w_0000000000000e97,2026-07-05T00:19:50.000Z,1,FAN_IN,high
syn_evt_00000000e6cf_000000001be3c52b,wallet,syn_w_0000000000000e98,2026-07-05T00:20:04.000Z,1,FAN_IN,high
syn_evt_00000000e6d0_000000001be3e41a,wallet,syn_w_0000000000000e99,2026-07-05T00:20:18.000Z,1,FAN_IN,high
syn_evt_00000000e6d1_000000001be40309,wallet,syn_w_0000000000000e9a,2026-07-05T00:20:32.000Z,1,FAN_IN,high
syn_evt_00000000e6d2_000000001be421f8,wallet,syn_w_0000000000000e9b,2026-07-05T00:20:46.000Z,1,FAN_IN,high
syn_evt_00000000e6d3_000000001be440e7,wallet,syn_w_0000000000000e9c,2026-07-05T00:21:00.000Z,1,FAN_IN,high
syn_evt_00000000e6d4_000000001be45fd6,wallet,syn_w_0000000000000e9d,2026-07-05T00:21:14.000Z,1,FAN_IN,high
syn_evt_00000000e6d5_000000001be47ec5,wallet,syn_w_0000000000000e9e,2026-07-05T00:21:28.000Z,1,FAN_IN,high
syn_evt_00000000e6d6_000000001be49db4,wallet,syn_w_0000000000000e9f,2026-07-05T00:21:42.000Z,1,FAN_IN,high
syn_evt_00000000e6d7_000000001be4bca3,wallet,syn_w_0000000000000ea0,2026-07-05T00:21:56.000Z,1,FAN_IN,high
syn_evt_00000000e6d8_000000001be4db92,wallet,syn_w_0000000000000ea1,2026-07-05T00:22:10.000Z,1,FAN_IN,high
syn_evt_00000000e6d9_000000001be4fa81,wallet,syn_w_0000000000000ea2,2026-07-05T00:22:24.000Z,1,FAN_IN,high
syn_evt_00000000e6da_000000001be51970,wallet,syn_w_0000000000000ea3,2026-07-05T00:22:38.000Z,1,FAN_IN,high
syn_evt_00000000e6db_000000001be5385f,wallet,syn_w_0000000000000ea4,2026-07-05T00:22:52.000Z,1,FAN_IN,high
syn_evt_00000000e6dc_000000001be5574e,wallet,syn_w_0000000000000ea5,2026-07-05T00:23:06.000Z,1,FAN_IN,high
syn_evt_00000000e6dd_000000001be5763d,wallet,syn_w_0000000000000f0a,2026-07-13T00:00:00.000Z,1,FAN_IN,high
syn_evt_00000000e6de_000000001be5952c,wallet,syn_w_0000000000000f0b,2026-07-13T00:00:14.000Z,1,FAN_IN,high
syn_evt_00000000e6df_000000001be5b41b,wallet,syn_w_0000000000000f0c,2026-07-13T00:00:28.000Z,1,FAN_IN,high
syn_evt_00000000e6e0_000000001be5d30a,wallet,syn_w_0000000000000f0d,2026-07-13T00:00:42.000Z,1,FAN_IN,high
syn_evt_00000000e6e1_000000001be5f1f9,wallet,syn_w_0000000000000f0e,2026-07-13T00:00:56.000Z,1,FAN_IN,high
syn_evt_00000000e6e2_000000001be610e8,wallet,syn_w_0000000000000f0f,2026-07-13T00:01:10.000Z,1,FAN_IN,high
syn_evt_00000000e6e3_000000001be62fd7,wallet,syn_w_0000000000000f10,2026-07-13T00:01:24.000Z,1,FAN_IN,high
syn_evt_00000000e6e4_000000001be64ec6,wallet,syn_w_0000000000000f11,2026-07-13T00:01:38.000Z,1,FAN_IN,high
syn_evt_00000000e6e5_000000001be66db5,wallet,syn_w_0000000000000f12,2026-07-13T00:01:52.000Z,1,FAN_IN,high
syn_evt_00000000e6e6_000000001be68ca4,wallet,syn_w_0000000000000f13,2026-07-13T00:02:06.000Z,1,FAN_IN,high
syn_evt_00000000e6e7_000000001be6ab93,wallet,syn_w_0000000000000f14,2026-07-13T00:02:20.000Z,1,FAN_IN,high
syn_evt_00000000e6e8_000000001be6ca82,wallet,syn_w_0000000000000f15,2026-07-13T00:02:34.000Z,1,FAN_IN,high
syn_evt_00000000e6e9_000000001be6e971,wallet,syn_w_0000000000000f16,2026-07-13T00:02:48.000Z,1,FAN_IN,high
syn_evt_00000000e6ea_000000001be70860,wallet,syn_w_0000000000000f17,2026-07-13T00:03:02.000Z,1,FAN_IN,high
syn_evt_00000000e6eb_000000001be7274f,wallet,syn_w_0000000000000f18,2026-07-13T00:03:16.000Z,1,FAN_IN,high
syn_evt_00000000e6ec_000000001be7463e,wallet,syn_w_0000000000000f19,2026-07-13T00:03:30.000Z,1,FAN_IN,high
syn_evt_00000000e6ed_000000001be7652d,wallet,syn_w_0000000000000f1a,2026-07-13T00:03:44.000Z,1,FAN_IN,high
syn_evt_00000000e6ee_000000001be7841c,wallet,syn_w_0000000000000f1b,2026-07-13T00:03:58.000Z,1,FAN_IN,high
syn_evt_00000000e6ef_000000001be7a30b,wallet,syn_w_0000000000000f1c,2026-07-13T00:04:12.000Z,1,FAN_IN,high
syn_evt_00000000e6f0_000000001be7c1fa,wallet,syn_w_0000000000000f1d,2026-07-13T00:04:26.000Z,1,FAN_IN,high
syn_evt_00000000e6f1_000000001be7e0e9,wallet,syn_w_0000000000000f1e,2026-07-13T00:04:40.000Z,1,FAN_IN,high
syn_evt_00000000e6f2_000000001be7ffd8,wallet,syn_w_0000000000000f1f,2026-07-13T00:04:54.000Z,1,FAN_IN,high
syn_evt_00000000e6f3_000000001be81ec7,wallet,syn_w_0000000000000f20,2026-07-13T00:05:08.000Z,1,FAN_IN,high
syn_evt_00000000e6f4_000000001be83db6,wallet,syn_w_0000000000000f21,2026-07-13T00:05:22.000Z,1,FAN_IN,high
syn_evt_00000000e6f5_000000001be85ca5,wallet,syn_w_0000000000000f22,2026-07-13T00:05:36.000Z,1,FAN_IN,high
syn_evt_00000000e6f6_000000001be87b94,wallet,syn_w_0000000000000f23,2026-07-13T00:05:50.000Z,1,FAN_IN,high
syn_evt_00000000e6f7_000000001be89a83,wallet,syn_w_0000000000000f24,2026-07-13T00:06:04.000Z,1,FAN_IN,high
syn_evt_00000000e6f8_000000001be8b972,wallet,syn_w_0000000000000f25,2026-07-13T00:06:18.000Z,1,FAN_IN,high
syn_evt_00000000e6f9_000000001be8d861,wallet,syn_w_0000000000000f26,2026-07-13T00:06:32.000Z,1,FAN_IN,high
syn_evt_00000000e6fa_000000001be8f750,wallet,syn_w_0000000000000f27,2026-07-13T00:06:46.000Z,1,FAN_IN,high
syn_evt_00000000e6fb_000000001be9163f,wallet,syn_w_0000000000000f28,2026-07-13T00:07:00.000Z,1,FAN_IN,high
syn_evt_00000000e6fc_000000001be9352e,wallet,syn_w_0000000000000f29,2026-07-13T00:07:14.000Z,1,FAN_IN,high
syn_evt_00000000e6fd_000000001be9541d,wallet,syn_w_0000000000000f2a,2026-07-13T00:07:28.000Z,1,FAN_IN,high
syn_evt_00000000e6fe_000000001be9730c,wallet,syn_w_0000000000000f2b,2026-07-13T00:07:42.000Z,1,FAN_IN,high
syn_evt_00000000e6ff_000000001be991fb,wallet,syn_w_0000000000000f2c,2026-07-13T00:07:56.000Z,1,FAN_IN,high
syn_evt_00000000e700_000000001be9b0ea,wallet,syn_w_0000000000000f2d,2026-07-13T00:08:10.000Z,1,FAN_IN,high
syn_evt_00000000e701_000000001be9cfd9,wallet,syn_w_0000000000000f2e,2026-07-13T00:08:24.000Z,1,FAN_IN,high
syn_evt_00000000e702_000000001be9eec8,wallet,syn_w_0000000000000f2f,2026-07-13T00:08:38.000Z,1,FAN_IN,high
syn_evt_00000000e703_000000001bea0db7,wallet,syn_w_0000000000000f30,2026-07-13T00:08:52.000Z,1,FAN_IN,high
syn_evt_00000000e704_000000001bea2ca6,wallet,syn_w_0000000000000f31,2026-07-13T00:09:06.000Z,1,FAN_IN,high
syn_evt_00000000e705_000000001bea4b95,wallet,syn_w_0000000000000f32,2026-07-13T00:09:20.000Z,1,FAN_IN,high
syn_evt_00000000e706_000000001bea6a84,wallet,syn_w_0000000000000f33,2026-07-13T00:09:34.000Z,1,FAN_IN,high
syn_evt_00000000e707_000000001bea8973,wallet,syn_w_0000000000000f34,2026-07-13T00:09:48.000Z,1,FAN_IN,high
syn_evt_00000000e708_000000001beaa862,wallet,syn_w_0000000000000f35,2026-07-13T00:10:02.000Z,1,FAN_IN,high
syn_evt_00000000e709_000000001beac751,wallet,syn_w_0000000000000f36,2026-07-13T00:10:16.000Z,1,FAN_IN,high
syn_evt_00000000e70a_000000001beae640,wallet,syn_w_0000000000000f37,2026-07-13T00:10:30.000Z,1,FAN_IN,high
syn_evt_00000000e70b_000000001beb052f,wallet,syn_w_0000000000000f38,2026-07-13T00:10:44.000Z,1,FAN_IN,high
syn_evt_00000000e70c_000000001beb241e,wallet,syn_w_0000000000000f39,2026-07-13T00:10:58.000Z,1,FAN_IN,high
syn_evt_00000000e70d_000000001beb430d,wallet,syn_w_0000000000000f3a,2026-07-13T00:11:12.000Z,1,FAN_IN,high
syn_evt_00000000e70e_000000001beb61fc,wallet,syn_w_0000000000000f3b,2026-07-13T00:11:26.000Z,1,FAN_IN,high
syn_evt_00000000e70f_000000001beb80eb,wallet,syn_w_0000000000000f3c,2026-07-13T00:11:40.000Z,1,FAN_IN,high
syn_evt_00000000e710_000000001beb9fda,wallet,syn_w_0000000000000f3d,2026-07-13T00:11:54.000Z,1,FAN_IN,high
syn_evt_00000000e711_000000001bebbec9,wallet,syn_w_0000000000000f3e,2026-07-13T00:12:08.000Z,1,FAN_IN,high
syn_evt_00000000e712_000000001bebddb8,wallet,syn_w_0000000000000f3f,2026-07-13T00:12:22.000Z,1,FAN_IN,high
syn_evt_00000000e713_000000001bebfca7,wallet,syn_w_0000000000000f40,2026-07-13T00:12:36.000Z,1,FAN_IN,high
syn_evt_00000000e714_000000001bec1b96,wallet,syn_w_0000000000000f41,2026-07-13T00:12:50.000Z,1,FAN_IN,high
syn_evt_00000000e715_000000001bec3a85,wallet,syn_w_0000000000000f42,2026-07-13T00:13:04.000Z,1,FAN_IN,high
syn_evt_00000000e716_000000001bec5974,wallet,syn_w_0000000000000f43,2026-07-13T00:13:18.000Z,1,FAN_IN,high
syn_evt_00000000e717_000000001bec7863,wallet,syn_w_0000000000000f44,2026-07-13T00:13:32.000Z,1,FAN_IN,high
syn_evt_00000000e718_000000001bec9752,wallet,syn_w_0000000000000f45,2026-07-13T00:13:46.000Z,1,FAN_IN,high
syn_evt_00000000e719_000000001becb641,wallet,syn_w_0000000000000f46,2026-07-13T00:14:00.000Z,1,FAN_IN,high
syn_evt_00000000e71a_000000001becd530,wallet,syn_w_0000000000000f47,2026-07-13T00:14:14.000Z,1,FAN_IN,high
syn_evt_00000000e71b_000000001becf41f,wallet,syn_w_0000000000000f48,2026-07-13T00:14:28.000Z,1,FAN_IN,high
syn_evt_00000000e71c_000000001bed130e,wallet,syn_w_0000000000000f49,2026-07-13T00:14:42.000Z,1,FAN_IN,high
syn_evt_00000000e71d_000000001bed31fd,wallet,syn_w_0000000000000f4a,2026-07-13T00:14:56.000Z,1,FAN_IN,high
syn_evt_00000000e71e_000000001bed50ec,wallet,syn_w_0000000000000f4b,2026-07-13T00:15:10.000Z,1,FAN_IN,high
syn_evt_00000000e71f_000000001bed6fdb,wallet,syn_w_0000000000000f4c,2026-07-13T00:15:24.000Z,1,FAN_IN,high
syn_evt_00000000e720_000000001bed8eca,wallet,syn_w_0000000000000f4d,2026-07-13T00:15:38.000Z,1,FAN_IN,high
syn_evt_00000000e721_000000001bedadb9,wallet,syn_w_0000000000000f4e,2026-07-13T00:15:52.000Z,1,FAN_IN,high
syn_evt_00000000e722_000000001bedcca8,wallet,syn_w_0000000000000f4f,2026-07-13T00:16:06.000Z,1,FAN_IN,high
syn_evt_00000000e723_000000001bedeb97,wallet,syn_w_0000000000000f50,2026-07-13T00:16:20.000Z,1,FAN_IN,high
syn_evt_00000000e724_000000001bee0a86,wallet,syn_w_0000000000000f51,2026-07-13T00:16:34.000Z,1,FAN_IN,high
syn_evt_00000000e725_000000001bee2975,wallet,syn_w_0000000000000f52,2026-07-13T00:16:48.000Z,1,FAN_IN,high
syn_evt_00000000e726_000000001bee4864,wallet,syn_w_0000000000000f53,2026-07-13T00:17:02.000Z,1,FAN_IN,high
syn_evt_00000000e727_000000001bee6753,wallet,syn_w_0000000000000f54,2026-07-13T00:17:16.000Z,1,FAN_IN,high
syn_evt_00000000e728_000000001bee8642,wallet,syn_w_0000000000000fd2,2026-07-20T00:00:00.000Z,1,FAN_IN,high
syn_evt_00000000e729_000000001beea531,wallet,syn_w_0000000000000fd3,2026-07-20T00:00:14.000Z,1,FAN_IN,high
syn_evt_00000000e72a_000000001beec420,wallet,syn_w_0000000000000fd4,2026-07-20T00:00:28.000Z,1,FAN_IN,high
syn_evt_00000000e72b_000000001beee30f,wallet,syn_w_0000000000000fd5,2026-07-20T00:00:42.000Z,1,FAN_IN,high
syn_evt_00000000e72c_000000001bef01fe,wallet,syn_w_0000000000000fd6,2026-07-20T00:00:56.000Z,1,FAN_IN,high
syn_evt_00000000e72d_000000001bef20ed,wallet,syn_w_0000000000000fd7,2026-07-20T00:01:10.000Z,1,FAN_IN,high
syn_evt_00000000e72e_000000001bef3fdc,wallet,syn_w_0000000000000fd8,2026-07-20T00:01:24.000Z,1,FAN_IN,high
syn_evt_00000000e72f_000000001bef5ecb,wallet,syn_w_0000000000000fd9,2026-07-20T00:01:38.000Z,1,FAN_IN,high
syn_evt_00000000e730_000000001bef7dba,wallet,syn_w_0000000000000fda,2026-07-20T00:01:52.000Z,1,FAN_IN,high
syn_evt_00000000e731_000000001bef9ca9,wallet,syn_w_0000000000000fdb,2026-07-20T00:02:06.000Z,1,FAN_IN,high
syn_evt_00000000e732_000000001befbb98,wallet,syn_w_0000000000000fdc,2026-07-20T00:02:20.000Z,1,FAN_IN,high
syn_evt_00000000e733_000000001befda87,wallet,syn_w_0000000000000fdd,2026-07-20T00:02:34.000Z,1,FAN_IN,high
syn_evt_00000000e734_000000001beff976,wallet,syn_w_0000000000000fde,2026-07-20T00:02:48.000Z,1,FAN_IN,high
syn_evt_00000000e735_000000001bf01865,wallet,syn_w_0000000000000fdf,2026-07-20T00:03:02.000Z,1,FAN_IN,high
syn_evt_00000000e736_000000001bf03754,wallet,syn_w_0000000000000fe0,2026-07-20T00:03:16.000Z,1,FAN_IN,high
syn_evt_00000000e737_000000001bf05643,wallet,syn_w_0000000000000fe1,2026-07-20T00:03:30.000Z,1,FAN_IN,high
syn_evt_00000000e738_000000001bf07532,wallet,syn_w_0000000000000fe2,2026-07-20T00:03:44.000Z,1,FAN_IN,high
syn_evt_00000000e739_000000001bf09421,wallet,syn_w_0000000000000fe3,2026-07-20T00:03:58.000Z,1,FAN_IN,high
syn_evt_00000000e73a_000000001bf0b310,wallet,syn_w_0000000000000fe4,2026-07-20T00:04:12.000Z,1,FAN_IN,high
syn_evt_00000000e73b_000000001bf0d1ff,wallet,syn_w_0000000000000fe5,2026-07-20T00:04:26.000Z,1,FAN_IN,high
syn_evt_00000000e73c_000000001bf0f0ee,wallet,syn_w_0000000000000fe6,2026-07-20T00:04:40.000Z,1,FAN_IN,high
syn_evt_00000000e73d_000000001bf10fdd,wallet,syn_w_0000000000000fe7,2026-07-20T00:04:54.000Z,1,FAN_IN,high
syn_evt_00000000e73e_000000001bf12ecc,wallet,syn_w_0000000000000fe8,2026-07-20T00:05:08.000Z,1,FAN_IN,high
syn_evt_00000000e73f_000000001bf14dbb,wallet,syn_w_0000000000000fe9,2026-07-20T00:05:22.000Z,1,FAN_IN,high
syn_evt_00000000e740_000000001bf16caa,wallet,syn_w_0000000000000fea,2026-07-20T00:05:36.000Z,1,FAN_IN,high
syn_evt_00000000e741_000000001bf18b99,wallet,syn_w_0000000000000feb,2026-07-20T00:05:50.000Z,1,FAN_IN,high
syn_evt_00000000e742_000000001bf1aa88,wallet,syn_w_0000000000000fec,2026-07-20T00:06:04.000Z,1,FAN_IN,high
syn_evt_00000000e743_000000001bf1c977,wallet,syn_w_0000000000000fed,2026-07-20T00:06:18.000Z,1,FAN_IN,high
syn_evt_00000000e744_000000001bf1e866,wallet,syn_w_0000000000000fee,2026-07-20T00:06:32.000Z,1,FAN_IN,high
syn_evt_00000000e745_000000001bf20755,wallet,syn_w_0000000000000fef,2026-07-20T00:06:46.000Z,1,FAN_IN,high
syn_evt_00000000e746_000000001bf22644,wallet,syn_w_0000000000000ff0,2026-07-20T00:07:00.000Z,1,FAN_IN,high
syn_evt_00000000e747_000000001bf24533,wallet,syn_w_0000000000000ff1,2026-07-20T00:07:14.000Z,1,FAN_IN,high
syn_evt_00000000e748_000000001bf26422,wallet,syn_w_0000000000000ff2,2026-07-20T00:07:28.000Z,1,FAN_IN,high
syn_evt_00000000e749_000000001bf28311,wallet,syn_w_0000000000000ff3,2026-07-20T00:07:42.000Z,1,FAN_IN,high
syn_evt_00000000e74a_000000001bf2a200,wallet,syn_w_0000000000000ff4,2026-07-20T00:07:56.000Z,1,FAN_IN,high
syn_evt_00000000e74b_000000001bf2c0ef,wallet,syn_w_0000000000000ff5,2026-07-20T00:08:10.000Z,1,FAN_IN,high
syn_evt_00000000e74c_000000001bf2dfde,wallet,syn_w_0000000000000ff6,2026-07-20T00:08:24.000Z,1,FAN_IN,high
syn_evt_00000000e74d_000000001bf2fecd,wallet,syn_w_0000000000000ff7,2026-07-20T00:08:38.000Z,1,FAN_IN,high
syn_evt_00000000e74e_000000001bf31dbc,wallet,syn_w_0000000000000ff8,2026-07-20T00:08:52.000Z,1,FAN_IN,high
syn_evt_00000000e74f_000000001bf33cab,wallet,syn_w_0000000000000ff9,2026-07-20T00:09:06.000Z,1,FAN_IN,high
syn_evt_00000000e750_000000001bf35b9a,wallet,syn_w_000000000000109a,2026-07-26T00:00:00.000Z,1,FAN_IN,high
syn_evt_00000000e751_000000001bf37a89,wallet,syn_w_000000000000109b,2026-07-26T00:00:14.000Z,1,FAN_IN,high
syn_evt_00000000e752_000000001bf39978,wallet,syn_w_000000000000109c,2026-07-26T00:00:28.000Z,1,FAN_IN,high
syn_evt_00000000e753_000000001bf3b867,wallet,syn_w_000000000000109d,2026-07-26T00:00:42.000Z,1,FAN_IN,high
syn_evt_00000000e754_000000001bf3d756,wallet,syn_w_000000000000109e,2026-07-26T00:00:56.000Z,1,FAN_IN,high
syn_evt_00000000e755_000000001bf3f645,wallet,syn_w_000000000000109f,2026-07-26T00:01:10.000Z,1,FAN_IN,high
syn_evt_00000000e756_000000001bf41534,wallet,syn_w_00000000000010a0,2026-07-26T00:01:24.000Z,1,FAN_IN,high
syn_evt_00000000e757_000000001bf43423,wallet,syn_w_00000000000010a1,2026-07-26T00:01:38.000Z,1,FAN_IN,high
syn_evt_00000000e758_000000001bf45312,wallet,syn_w_00000000000010a2,2026-07-26T00:01:52.000Z,1,FAN_IN,high
syn_evt_00000000e759_000000001bf47201,wallet,syn_w_00000000000010a3,2026-07-26T00:02:06.000Z,1,FAN_IN,high
syn_evt_00000000e75a_000000001bf490f0,wallet,syn_w_00000000000010a4,2026-07-26T00:02:20.000Z,1,FAN_IN,high
syn_evt_00000000e75b_000000001bf4afdf,wallet,syn_w_00000000000010a5,2026-07-26T00:02:34.000Z,1,FAN_IN,high
syn_evt_00000000e75c_000000001bf4cece,wallet,syn_w_00000000000010a6,2026-07-26T00:02:48.000Z,1,FAN_IN,high
syn_evt_00000000e75d_000000001bf4edbd,wallet,syn_w_00000000000010a7,2026-07-26T00:03:02.000Z,1,FAN_IN,high
syn_evt_00000000e75e_000000001bf50cac,wallet,syn_w_00000000000010a8,2026-07-26T00:03:16.000Z,1,FAN_IN,high
syn_evt_00000000e75f_000000001bf52b9b,wallet,syn_w_00000000000010a9,2026-07-26T00:03:30.000Z,1,FAN_IN,high
syn_evt_00000000e760_000000001bf54a8a,wallet,syn_w_00000000000010aa,2026-07-26T00:03:44.000Z,1,FAN_IN,high
syn_evt_00000000e761_000000001bf56979,wallet,syn_w_00000000000010ab,2026-07-26T00:03:58.000Z,1,FAN_IN,high
syn_evt_00000000e762_000000001bf58868,wallet,syn_w_00000000000010ac,2026-07-26T00:04:12.000Z,1,FAN_IN,high
syn_evt_00000000e763_000000001bf5a757,wallet,syn_w_00000000000010ad,2026-07-26T00:04:26.000Z,1,FAN_IN,high
syn_evt_00000000e764_000000001bf5c646,wallet,syn_w_00000000000010ae,2026-07-26T00:04:40.000Z,1,FAN_IN,high
syn_evt_00000000e765_000000001bf5e535,wallet,syn_w_00000000000010af,2026-07-26T00:04:54.000Z,1,FAN_IN,high
syn_evt_00000000e766_000000001bf60424,wallet,syn_w_00000000000010b0,2026-07-26T00:05:08.000Z,1,FAN_IN,high
syn_evt_00000000e767_000000001bf62313,wallet,syn_w_00000000000010b1,2026-07-26T00:05:22.000Z,1,FAN_IN,high
syn_evt_00000000e768_000000001bf64202,wallet,syn_w_00000000000010b2,2026-07-26T00:05:36.000Z,1,FAN_IN,high
syn_evt_00000000e769_000000001bf660f1,wallet,syn_w_00000000000010b3,2026-07-26T00:05:50.000Z,1,FAN_IN,high
syn_evt_00000000e76a_000000001bf67fe0,wallet,syn_w_00000000000010b4,2026-07-26T00:06:04.000Z,1,FAN_IN,high
syn_evt_00000000e76b_000000001bf69ecf,wallet,syn_w_00000000000010b5,2026-07-26T00:06:18.000Z,1,FAN_IN,high
syn_evt_00000000e76c_000000001bf6bdbe,wallet,syn_w_00000000000010b6,2026-07-26T00:06:32.000Z,1,FAN_IN,high
syn_evt_00000000e76d_000000001bf6dcad,wallet,syn_w_00000000000010b7,2026-07-26T00:06:46.000Z,1,FAN_IN,high
syn_evt_00000000e76e_000000001bf6fb9c,wallet,syn_w_00000000000010b8,2026-07-26T00:07:00.000Z,1,FAN_IN,high
syn_evt_00000000e76f_000000001bf71a8b,wallet,syn_w_00000000000010b9,2026-07-26T00:07:14.000Z,1,FAN_IN,high
syn_evt_00000000e770_000000001bf7397a,wallet,syn_w_00000000000010ba,2026-07-26T00:07:28.000Z,1,FAN_IN,high
syn_evt_00000000e771_000000001bf75869,wallet,syn_w_00000000000010bb,2026-07-26T00:07:42.000Z,1,FAN_IN,high
syn_evt_00000000e772_000000001bf77758,wallet,syn_w_00000000000010bc,2026-07-26T00:07:56.000Z,1,FAN_IN,high
syn_evt_00000000e773_000000001bf79647,wallet,syn_w_0000000000001194,2026-07-05T00:00:00.000Z,1,PORT_SHIFT,high
syn_evt_00000000e774_000000001bf7b536,wallet,syn_w_0000000000001194,2026-07-05T00:00:38.000Z,1,PORT_SHIFT,high
syn_evt_00000000e775_000000001bf7d425,wallet,syn_w_0000000000001194,2026-07-05T00:01:16.000Z,1,PORT_SHIFT,high
syn_evt_00000000e776_000000001bf7f314,wallet,syn_w_0000000000001194,2026-07-05T00:01:54.000Z,1,PORT_SHIFT,high
syn_evt_00000000e777_000000001bf81203,wallet,syn_w_0000000000001194,2026-07-05T00:02:32.000Z,1,PORT_SHIFT,high
syn_evt_00000000e778_000000001bf830f2,wallet,syn_w_0000000000001194,2026-07-05T00:03:10.000Z,1,PORT_SHIFT,high
syn_evt_00000000e779_000000001bf84fe1,wallet,syn_w_0000000000001194,2026-07-05T00:03:48.000Z,1,PORT_SHIFT,high
syn_evt_00000000e77a_000000001bf86ed0,wallet,syn_w_0000000000001194,2026-07-05T00:04:26.000Z,1,PORT_SHIFT,high
syn_evt_00000000e77b_000000001bf88dbf,wallet,syn_w_0000000000001194,2026-07-05T00:05:04.000Z,1,PORT_SHIFT,high
syn_evt_00000000e77c_000000001bf8acae,wallet,syn_w_0000000000001194,2026-07-05T00:05:42.000Z,1,PORT_SHIFT,high
syn_evt_00000000e77d_000000001bf8cb9d,wallet,syn_w_0000000000001194,2026-07-05T00:06:20.000Z,1,PORT_SHIFT,high
syn_evt_00000000e77e_000000001bf8ea8c,wallet,syn_w_0000000000001194,2026-07-05T00:06:58.000Z,1,PORT_SHIFT,high
syn_evt_00000000e77f_000000001bf9097b,wallet,syn_w_0000000000001194,2026-07-05T00:07:36.000Z,1,PORT_SHIFT,high
syn_evt_00000000e780_000000001bf9286a,wallet,syn_w_0000000000001194,2026-07-05T00:08:14.000Z,1,PORT_SHIFT,high
syn_evt_00000000e781_000000001bf94759,wallet,syn_w_0000000000001194,2026-07-05T00:08:52.000Z,1,PORT_SHIFT,high
syn_evt_00000000e782_000000001bf96648,wallet,syn_w_0000000000001194,2026-07-05T00:09:30.000Z,1,PORT_SHIFT,high
syn_evt_00000000e783_000000001bf98537,wallet,syn_w_0000000000001194,2026-07-05T00:10:08.000Z,1,PORT_SHIFT,high
syn_evt_00000000e784_000000001bf9a426,wallet,syn_w_0000000000001194,2026-07-05T00:10:46.000Z,1,PORT_SHIFT,high
syn_evt_00000000e785_000000001bf9c315,wallet,syn_w_0000000000001194,2026-07-05T00:11:24.000Z,1,PORT_SHIFT,high
syn_evt_00000000e786_000000001bf9e204,wallet,syn_w_0000000000001194,2026-07-05T00:12:02.000Z,1,PORT_SHIFT,high
syn_evt_00000000e787_000000001bfa00f3,wallet,syn_w_0000000000001194,2026-07-05T00:12:40.000Z,1,PORT_SHIFT,high
syn_evt_00000000e788_000000001bfa1fe2,wallet,syn_w_0000000000001194,2026-07-05T00:13:18.000Z,1,PORT_SHIFT,high
syn_evt_00000000e789_000000001bfa3ed1,wallet,syn_w_0000000000001194,2026-07-05T00:13:56.000Z,1,PORT_SHIFT,high
syn_evt_00000000e78a_000000001bfa5dc0,wallet,syn_w_0000000000001194,2026-07-05T00:14:34.000Z,1,PORT_SHIFT,high
syn_evt_00000000e78b_000000001bfa7caf,wallet,syn_w_0000000000001194,2026-07-05T00:15:12.000Z,1,PORT_SHIFT,high
syn_evt_00000000e78c_000000001bfa9b9e,wallet,syn_w_0000000000001194,2026-07-05T00:15:50.000Z,1,PORT_SHIFT,high
syn_evt_00000000e78d_000000001bfaba8d,wallet,syn_w_0000000000001194,2026-07-05T00:16:28.000Z,1,PORT_SHIFT,high
syn_evt_00000000e78e_000000001bfad97c,wallet,syn_w_0000000000001194,2026-07-05T00:17:06.000Z,1,PORT_SHIFT,high
syn_evt_00000000e78f_000000001bfaf86b,wallet,syn_w_0000000000001194,2026-07-05T00:17:44.000Z,1,PORT_SHIFT,high
syn_evt_00000000e790_000000001bfb175a,wallet,syn_w_0000000000001194,2026-07-05T00:18:22.000Z,1,PORT_SHIFT,high
syn_evt_00000000e791_000000001bfb3649,wallet,syn_w_0000000000001194,2026-07-05T00:19:00.000Z,1,PORT_SHIFT,high
syn_evt_00000000e792_000000001bfb5538,wallet,syn_w_0000000000001194,2026-07-05T00:19:38.000Z,1,PORT_SHIFT,high
syn_evt_00000000e793_000000001bfb7427,wallet,syn_w_0000000000001194,2026-07-05T00:20:16.000Z,1,PORT_SHIFT,high
syn_evt_00000000e794_000000001bfb9316,wallet,syn_w_0000000000001194,2026-07-05T00:20:54.000Z,1,PORT_SHIFT,high
syn_evt_00000000e795_000000001bfbb205,wallet,syn_w_0000000000001194,2026-07-05T00:21:32.000Z,1,PORT_SHIFT,high
syn_evt_00000000e796_000000001bfbd0f4,wallet,syn_w_0000000000001194,2026-07-05T00:22:10.000Z,1,PORT_SHIFT,high
syn_evt_00000000e797_000000001bfbefe3,wallet,syn_w_0000000000001194,2026-07-05T00:22:48.000Z,1,PORT_SHIFT,high
syn_evt_00000000e798_000000001bfc0ed2,wallet,syn_w_0000000000001194,2026-07-05T00:23:26.000Z,1,PORT_SHIFT,high
syn_evt_00000000e799_000000001bfc2dc1,wallet,syn_w_0000000000001194,2026-07-05T00:24:04.000Z,1,PORT_SHIFT,high
syn_evt_00000000e79a_000000001bfc4cb0,wallet,syn_w_0000000000001194,2026-07-05T00:24:42.000Z,1,PORT_SHIFT,high
syn_evt_00000000e79b_000000001bfc6b9f,wallet,syn_w_0000000000001194,2026-07-05T00:25:20.000Z,1,PORT_SHIFT,high
syn_evt_00000000e79c_000000001bfc8a8e,wallet,syn_w_0000000000001194,2026-07-05T00:25:58.000Z,1,PORT_SHIFT,high
syn_evt_00000000e79d_000000001bfca97d,wallet,syn_w_0000000000001194,2026-07-05T00:26:36.000Z,1,PORT_SHIFT,high
syn_evt_00000000e79e_000000001bfcc86c,wallet,syn_w_0000000000001194,2026-07-05T00:27:14.000Z,1,PORT_SHIFT,high
syn_evt_00000000e79f_000000001bfce75b,wallet,syn_w_0000000000001194,2026-07-05T00:27:52.000Z,1,PORT_SHIFT,high
syn_evt_00000000e7a0_000000001bfd064a,wallet,syn_w_0000000000001194,2026-07-05T00:28:30.000Z,1,PORT_SHIFT,high
syn_evt_00000000e7a1_000000001bfd2539,wallet,syn_w_0000000000001194,2026-07-05T00:29:08.000Z,1,PORT_SHIFT,high
syn_evt_00000000e7a2_000000001bfd4428,wallet,syn_w_0000000000001194,2026-07-05T00:29:46.000Z,1,PORT_SHIFT,high
syn_evt_00000000e7a3_000000001bfd6317,wallet,syn_w_0000000000001194,2026-07-05T00:30:24.000Z,1,PORT_SHIFT,high
syn_evt_00000000e7a4_000000001bfd8206,wallet,syn_w_0000000000001194,2026-07-05T00:31:02.000Z,1,PORT_SHIFT,high
syn_evt_00000000e7a5_000000001bfda0f5,wallet,syn_w_0000000000001194,2026-07-05T00:31:40.000Z,1,PORT_SHIFT,high
syn_evt_00000000e7a6_000000001bfdbfe4,wallet,syn_w_0000000000001194,2026-07-05T00:32:18.000Z,1,PORT_SHIFT,high
syn_evt_00000000e7a7_000000001bfdded3,wallet,syn_w_0000000000001194,2026-07-05T00:32:56.000Z,1,PORT_SHIFT,high
syn_evt_00000000e7a8_000000001bfdfdc2,wallet,syn_w_0000000000001194,2026-07-05T00:33:34.000Z,1,PORT_SHIFT,high
syn_evt_00000000e7a9_000000001bfe1cb1,wallet,syn_w_0000000000001194,2026-07-05T00:34:12.000Z,1,PORT_SHIFT,high
syn_evt_00000000e7aa_000000001bfe3ba0,wallet,syn_w_0000000000001194,2026-07-05T00:34:50.000Z,1,PORT_SHIFT,high
syn_evt_00000000e7ab_000000001bfe5a8f,wallet,syn_w_0000000000001194,2026-07-05T00:35:28.000Z,1,PORT_SHIFT,high
syn_evt_00000000e7ac_000000001bfe797e,wallet,syn_w_0000000000001194,2026-07-05T00:36:06.000Z,1,PORT_SHIFT,high
syn_evt_00000000e7ad_000000001bfe986d,wallet,syn_w_0000000000001194,2026-07-05T00:36:44.000Z,1,PORT_SHIFT,high
syn_evt_00000000e7ae_000000001bfeb75c,wallet,syn_w_0000000000001194,2026-07-05T00:37:22.000Z,1,PORT_SHIFT,high
syn_evt_00000000e7af_000000001bfed64b,wallet,syn_w_0000000000001194,2026-07-05T00:38:00.000Z,1,PORT_SHIFT,high
syn_evt_00000000e7b0_000000001bfef53a,wallet,syn_w_0000000000001194,2026-07-05T00:38:38.000Z,1,PORT_SHIFT,high
syn_evt_00000000e7b1_000000001bff1429,wallet,syn_w_0000000000001194,2026-07-05T00:39:16.000Z,1,PORT_SHIFT,high
syn_evt_00000000e7b2_000000001bff3318,wallet,syn_w_0000000000001194,2026-07-05T00:39:54.000Z,1,PORT_SHIFT,high
syn_evt_00000000e7b3_000000001bff5207,wallet,syn_w_0000000000001194,2026-07-05T00:40:32.000Z,1,PORT_SHIFT,high
syn_evt_00000000e7b4_000000001bff70f6,wallet,syn_w_0000000000001194,2026-07-05T00:41:10.000Z,1,PORT_SHIFT,high
syn_evt_00000000e7b5_000000001bff8fe5,wallet,syn_w_0000000000001194,2026-07-05T00:41:48.000Z,1,PORT_SHIFT,high
syn_evt_00000000e7b6_000000001bffaed4,wallet,syn_w_0000000000001194,2026-07-05T00:42:26.000Z,1,PORT_SHIFT,high
syn_evt_00000000e7b7_000000001bffcdc3,wallet,syn_w_0000000000001194,2026-07-05T00:43:04.000Z,1,PORT_SHIFT,high
syn_evt_00000000e7b8_000000001bffecb2,wallet,syn_w_0000000000001194,2026-07-05T00:43:42.000Z,1,PORT_SHIFT,high
syn_evt_00000000e7b9_000000001c000ba1,wallet,syn_w_0000000000001194,2026-07-05T00:44:20.000Z,1,PORT_SHIFT,high
syn_evt_00000000e7ba_000000001c002a90,wallet,syn_w_0000000000001194,2026-07-05T00:44:58.000Z,1,PORT_SHIFT,high
syn_evt_00000000e7bb_000000001c00497f,wallet,syn_w_0000000000001194,2026-07-05T00:45:36.000Z,1,PORT_SHIFT,high
syn_evt_00000000e7bc_000000001c00686e,wallet,syn_w_0000000000001194,2026-07-05T00:46:14.000Z,1,PORT_SHIFT,high
syn_evt_00000000e7bd_000000001c00875d,wallet,syn_w_0000000000001194,2026-07-05T00:46:52.000Z,1,PORT_SHIFT,high
syn_evt_00000000e7be_000000001c00a64c,wallet,syn_w_0000000000001194,2026-07-05T00:47:30.000Z,1,PORT_SHIFT,high
syn_evt_00000000e7bf_000000001c00c53b,wallet,syn_w_0000000000001194,2026-07-05T00:48:08.000Z,1,PORT_SHIFT,high
syn_evt_00000000e7c0_000000001c00e42a,wallet,syn_w_0000000000001194,2026-07-05T00:48:46.000Z,1,PORT_SHIFT,high
syn_evt_00000000e7c1_000000001c010319,wallet,syn_w_0000000000001194,2026-07-05T00:49:24.000Z,1,PORT_SHIFT,high
syn_evt_00000000e7c2_000000001c012208,wallet,syn_w_0000000000001194,2026-07-05T00:50:02.000Z,1,PORT_SHIFT,high
syn_evt_00000000e7c3_000000001c0140f7,wallet,syn_w_0000000000001194,2026-07-05T00:50:40.000Z,1,PORT_SHIFT,high
syn_evt_00000000e7c4_000000001c015fe6,wallet,syn_w_0000000000001194,2026-07-05T00:51:18.000Z,1,PORT_SHIFT,high
syn_evt_00000000e7c5_000000001c017ed5,wallet,syn_w_0000000000001194,2026-07-05T00:51:56.000Z,1,PORT_SHIFT,high
syn_evt_00000000e7c6_000000001c019dc4,wallet,syn_w_0000000000001194,2026-07-05T00:52:34.000Z,1,PORT_SHIFT,high
syn_evt_00000000e7c7_000000001c01bcb3,wallet,syn_w_0000000000001194,2026-07-05T00:53:12.000Z,1,PORT_SHIFT,high
syn_evt_00000000e7c8_000000001c01dba2,wallet,syn_w_0000000000001194,2026-07-05T00:53:50.000Z,1,PORT_SHIFT,high
syn_evt_00000000e7c9_000000001c01fa91,wallet,syn_w_0000000000001194,2026-07-05T00:54:28.000Z,1,PORT_SHIFT,high
syn_evt_00000000e7ca_000000001c021980,wallet,syn_w_0000000000001194,2026-07-05T00:55:06.000Z,1,PORT_SHIFT,high
syn_evt_00000000e7cb_000000001c02386f,wallet,syn_w_0000000000001194,2026-07-05T00:55:44.000Z,1,PORT_SHIFT,high
syn_evt_00000000e7cc_000000001c02575e,wallet,syn_w_0000000000001194,2026-07-05T00:56:22.000Z,1,PORT_SHIFT,high
syn_evt_00000000e7cd_000000001c02764d,wallet,syn_w_0000000000001194,2026-07-05T00:57:00.000Z,1,PORT_SHIFT,high
syn_evt_00000000e7ce_000000001c02953c,wallet,syn_w_0000000000001194,2026-07-05T00:57:38.000Z,1,PORT_SHIFT,high
syn_evt_00000000e7cf_000000001c02b42b,wallet,syn_w_0000000000001194,2026-07-05T00:58:16.000Z,1,PORT_SHIFT,high
syn_evt_00000000e7d0_000000001c02d31a,wallet,syn_w_0000000000001194,2026-07-05T00:58:54.000Z,1,PORT_SHIFT,high
syn_evt_00000000e7d1_000000001c02f209,wallet,syn_w_0000000000001194,2026-07-05T00:59:32.000Z,1,PORT_SHIFT,high
syn_evt_00000000e7d2_000000001c0310f8,wallet,syn_w_0000000000001194,2026-07-05T01:00:10.000Z,1,PORT_SHIFT,high
syn_evt_00000000e7d3_000000001c032fe7,wallet,syn_w_0000000000001194,2026-07-05T01:00:48.000Z,1,PORT_SHIFT,high
syn_evt_00000000e7d4_000000001c034ed6,wallet,syn_w_0000000000001194,2026-07-05T01:01:26.000Z,1,PORT_SHIFT,high
syn_evt_00000000e7d5_000000001c036dc5,wallet,syn_w_0000000000001194,2026-07-05T01:02:04.000Z,1,PORT_SHIFT,high
syn_evt_00000000e7d6_000000001c038cb4,wallet,syn_w_0000000000001194,2026-07-05T01:02:42.000Z,1,PORT_SHIFT,high
syn_evt_00000000e7d7_000000001c03aba3,wallet,syn_w_000000000000125c,2026-07-13T00:00:00.000Z,1,PORT_SHIFT,high
syn_evt_00000000e7d8_000000001c03ca92,wallet,syn_w_000000000000125c,2026-07-13T00:00:38.000Z,1,PORT_SHIFT,high
syn_evt_00000000e7d9_000000001c03e981,wallet,syn_w_000000000000125c,2026-07-13T00:01:16.000Z,1,PORT_SHIFT,high
syn_evt_00000000e7da_000000001c040870,wallet,syn_w_000000000000125c,2026-07-13T00:01:54.000Z,1,PORT_SHIFT,high
syn_evt_00000000e7db_000000001c04275f,wallet,syn_w_000000000000125c,2026-07-13T00:02:32.000Z,1,PORT_SHIFT,high
syn_evt_00000000e7dc_000000001c04464e,wallet,syn_w_000000000000125c,2026-07-13T00:03:10.000Z,1,PORT_SHIFT,high
syn_evt_00000000e7dd_000000001c04653d,wallet,syn_w_000000000000125c,2026-07-13T00:03:48.000Z,1,PORT_SHIFT,high
syn_evt_00000000e7de_000000001c04842c,wallet,syn_w_000000000000125c,2026-07-13T00:04:26.000Z,1,PORT_SHIFT,high
syn_evt_00000000e7df_000000001c04a31b,wallet,syn_w_000000000000125c,2026-07-13T00:05:04.000Z,1,PORT_SHIFT,high
syn_evt_00000000e7e0_000000001c04c20a,wallet,syn_w_000000000000125c,2026-07-13T00:05:42.000Z,1,PORT_SHIFT,high
syn_evt_00000000e7e1_000000001c04e0f9,wallet,syn_w_000000000000125c,2026-07-13T00:06:20.000Z,1,PORT_SHIFT,high
syn_evt_00000000e7e2_000000001c04ffe8,wallet,syn_w_000000000000125c,2026-07-13T00:06:58.000Z,1,PORT_SHIFT,high
syn_evt_00000000e7e3_000000001c051ed7,wallet,syn_w_000000000000125c,2026-07-13T00:07:36.000Z,1,PORT_SHIFT,high
syn_evt_00000000e7e4_000000001c053dc6,wallet,syn_w_000000000000125c,2026-07-13T00:08:14.000Z,1,PORT_SHIFT,high
syn_evt_00000000e7e5_000000001c055cb5,wallet,syn_w_000000000000125c,2026-07-13T00:08:52.000Z,1,PORT_SHIFT,high
syn_evt_00000000e7e6_000000001c057ba4,wallet,syn_w_000000000000125c,2026-07-13T00:09:30.000Z,1,PORT_SHIFT,high
syn_evt_00000000e7e7_000000001c059a93,wallet,syn_w_000000000000125c,2026-07-13T00:10:08.000Z,1,PORT_SHIFT,high
syn_evt_00000000e7e8_000000001c05b982,wallet,syn_w_000000000000125c,2026-07-13T00:10:46.000Z,1,PORT_SHIFT,high
syn_evt_00000000e7e9_000000001c05d871,wallet,syn_w_000000000000125c,2026-07-13T00:11:24.000Z,1,PORT_SHIFT,high
syn_evt_00000000e7ea_000000001c05f760,wallet,syn_w_000000000000125c,2026-07-13T00:12:02.000Z,1,PORT_SHIFT,high
syn_evt_00000000e7eb_000000001c06164f,wallet,syn_w_000000000000125c,2026-07-13T00:12:40.000Z,1,PORT_SHIFT,high
syn_evt_00000000e7ec_000000001c06353e,wallet,syn_w_000000000000125c,2026-07-13T00:13:18.000Z,1,PORT_SHIFT,high
syn_evt_00000000e7ed_000000001c06542d,wallet,syn_w_000000000000125c,2026-07-13T00:13:56.000Z,1,PORT_SHIFT,high
syn_evt_00000000e7ee_000000001c06731c,wallet,syn_w_000000000000125c,2026-07-13T00:14:34.000Z,1,PORT_SHIFT,high
syn_evt_00000000e7ef_000000001c06920b,wallet,syn_w_000000000000125c,2026-07-13T00:15:12.000Z,1,PORT_SHIFT,high
syn_evt_00000000e7f0_000000001c06b0fa,wallet,syn_w_000000000000125c,2026-07-13T00:15:50.000Z,1,PORT_SHIFT,high
syn_evt_00000000e7f1_000000001c06cfe9,wallet,syn_w_000000000000125c,2026-07-13T00:16:28.000Z,1,PORT_SHIFT,high
syn_evt_00000000e7f2_000000001c06eed8,wallet,syn_w_000000000000125c,2026-07-13T00:17:06.000Z,1,PORT_SHIFT,high
syn_evt_00000000e7f3_000000001c070dc7,wallet,syn_w_000000000000125c,2026-07-13T00:17:44.000Z,1,PORT_SHIFT,high
syn_evt_00000000e7f4_000000001c072cb6,wallet,syn_w_000000000000125c,2026-07-13T00:18:22.000Z,1,PORT_SHIFT,high
syn_evt_00000000e7f5_000000001c074ba5,wallet,syn_w_000000000000125c,2026-07-13T00:19:00.000Z,1,PORT_SHIFT,high
syn_evt_00000000e7f6_000000001c076a94,wallet,syn_w_000000000000125c,2026-07-13T00:19:38.000Z,1,PORT_SHIFT,high
syn_evt_00000000e7f7_000000001c078983,wallet,syn_w_000000000000125c,2026-07-13T00:20:16.000Z,1,PORT_SHIFT,high
syn_evt_00000000e7f8_000000001c07a872,wallet,syn_w_000000000000125c,2026-07-13T00:20:54.000Z,1,PORT_SHIFT,high
syn_evt_00000000e7f9_000000001c07c761,wallet,syn_w_000000000000125c,2026-07-13T00:21:32.000Z,1,PORT_SHIFT,high
syn_evt_00000000e7fa_000000001c07e650,wallet,syn_w_000000000000125c,2026-07-13T00:22:10.000Z,1,PORT_SHIFT,high
syn_evt_00000000e7fb_000000001c08053f,wallet,syn_w_000000000000125c,2026-07-13T00:22:48.000Z,1,PORT_SHIFT,high
syn_evt_00000000e7fc_000000001c08242e,wallet,syn_w_000000000000125c,2026-07-13T00:23:26.000Z,1,PORT_SHIFT,high
syn_evt_00000000e7fd_000000001c08431d,wallet,syn_w_000000000000125c,2026-07-13T00:24:04.000Z,1,PORT_SHIFT,high
syn_evt_00000000e7fe_000000001c08620c,wallet,syn_w_000000000000125c,2026-07-13T00:24:42.000Z,1,PORT_SHIFT,high
syn_evt_00000000e7ff_000000001c0880fb,wallet,syn_w_000000000000125c,2026-07-13T00:25:20.000Z,1,PORT_SHIFT,high
syn_evt_00000000e800_000000001c089fea,wallet,syn_w_000000000000125c,2026-07-13T00:25:58.000Z,1,PORT_SHIFT,high
syn_evt_00000000e801_000000001c08bed9,wallet,syn_w_000000000000125c,2026-07-13T00:26:36.000Z,1,PORT_SHIFT,high
syn_evt_00000000e802_000000001c08ddc8,wallet,syn_w_000000000000125c,2026-07-13T00:27:14.000Z,1,PORT_SHIFT,high
syn_evt_00000000e803_000000001c08fcb7,wallet,syn_w_000000000000125c,2026-07-13T00:27:52.000Z,1,PORT_SHIFT,high
syn_evt_00000000e804_000000001c091ba6,wallet,syn_w_000000000000125c,2026-07-13T00:28:30.000Z,1,PORT_SHIFT,high
syn_evt_00000000e805_000000001c093a95,wallet,syn_w_000000000000125c,2026-07-13T00:29:08.000Z,1,PORT_SHIFT,high
syn_evt_00000000e806_000000001c095984,wallet,syn_w_000000000000125c,2026-07-13T00:29:46.000Z,1,PORT_SHIFT,high
syn_evt_00000000e807_000000001c097873,wallet,syn_w_000000000000125c,2026-07-13T00:30:24.000Z,1,PORT_SHIFT,high
syn_evt_00000000e808_000000001c099762,wallet,syn_w_000000000000125c,2026-07-13T00:31:02.000Z,1,PORT_SHIFT,high
syn_evt_00000000e809_000000001c09b651,wallet,syn_w_000000000000125c,2026-07-13T00:31:40.000Z,1,PORT_SHIFT,high
syn_evt_00000000e80a_000000001c09d540,wallet,syn_w_000000000000125c,2026-07-13T00:32:18.000Z,1,PORT_SHIFT,high
syn_evt_00000000e80b_000000001c09f42f,wallet,syn_w_000000000000125c,2026-07-13T00:32:56.000Z,1,PORT_SHIFT,high
syn_evt_00000000e80c_000000001c0a131e,wallet,syn_w_000000000000125c,2026-07-13T00:33:34.000Z,1,PORT_SHIFT,high
syn_evt_00000000e80d_000000001c0a320d,wallet,syn_w_000000000000125c,2026-07-13T00:34:12.000Z,1,PORT_SHIFT,high
syn_evt_00000000e80e_000000001c0a50fc,wallet,syn_w_000000000000125c,2026-07-13T00:34:50.000Z,1,PORT_SHIFT,high
syn_evt_00000000e80f_000000001c0a6feb,wallet,syn_w_000000000000125c,2026-07-13T00:35:28.000Z,1,PORT_SHIFT,high
syn_evt_00000000e810_000000001c0a8eda,wallet,syn_w_000000000000125c,2026-07-13T00:36:06.000Z,1,PORT_SHIFT,high
syn_evt_00000000e811_000000001c0aadc9,wallet,syn_w_000000000000125c,2026-07-13T00:36:44.000Z,1,PORT_SHIFT,high
syn_evt_00000000e812_000000001c0accb8,wallet,syn_w_000000000000125c,2026-07-13T00:37:22.000Z,1,PORT_SHIFT,high
syn_evt_00000000e813_000000001c0aeba7,wallet,syn_w_000000000000125c,2026-07-13T00:38:00.000Z,1,PORT_SHIFT,high
syn_evt_00000000e814_000000001c0b0a96,wallet,syn_w_000000000000125c,2026-07-13T00:38:38.000Z,1,PORT_SHIFT,high
syn_evt_00000000e815_000000001c0b2985,wallet,syn_w_000000000000125c,2026-07-13T00:39:16.000Z,1,PORT_SHIFT,high
syn_evt_00000000e816_000000001c0b4874,wallet,syn_w_000000000000125c,2026-07-13T00:39:54.000Z,1,PORT_SHIFT,high
syn_evt_00000000e817_000000001c0b6763,wallet,syn_w_000000000000125c,2026-07-13T00:40:32.000Z,1,PORT_SHIFT,high
syn_evt_00000000e818_000000001c0b8652,wallet,syn_w_000000000000125c,2026-07-13T00:41:10.000Z,1,PORT_SHIFT,high
syn_evt_00000000e819_000000001c0ba541,wallet,syn_w_000000000000125c,2026-07-13T00:41:48.000Z,1,PORT_SHIFT,high
syn_evt_00000000e81a_000000001c0bc430,wallet,syn_w_000000000000125c,2026-07-13T00:42:26.000Z,1,PORT_SHIFT,high
syn_evt_00000000e81b_000000001c0be31f,wallet,syn_w_000000000000125c,2026-07-13T00:43:04.000Z,1,PORT_SHIFT,high
syn_evt_00000000e81c_000000001c0c020e,wallet,syn_w_000000000000125c,2026-07-13T00:43:42.000Z,1,PORT_SHIFT,high
syn_evt_00000000e81d_000000001c0c20fd,wallet,syn_w_000000000000125c,2026-07-13T00:44:20.000Z,1,PORT_SHIFT,high
syn_evt_00000000e81e_000000001c0c3fec,wallet,syn_w_000000000000125c,2026-07-13T00:44:58.000Z,1,PORT_SHIFT,high
syn_evt_00000000e81f_000000001c0c5edb,wallet,syn_w_000000000000125c,2026-07-13T00:45:36.000Z,1,PORT_SHIFT,high
syn_evt_00000000e820_000000001c0c7dca,wallet,syn_w_000000000000125c,2026-07-13T00:46:14.000Z,1,PORT_SHIFT,high
syn_evt_00000000e821_000000001c0c9cb9,wallet,syn_w_000000000000125c,2026-07-13T00:46:52.000Z,1,PORT_SHIFT,high
syn_evt_00000000e822_000000001c0cbba8,wallet,syn_w_0000000000001324,2026-07-20T00:00:00.000Z,1,PORT_SHIFT,high
syn_evt_00000000e823_000000001c0cda97,wallet,syn_w_0000000000001324,2026-07-20T00:00:38.000Z,1,PORT_SHIFT,high
syn_evt_00000000e824_000000001c0cf986,wallet,syn_w_0000000000001324,2026-07-20T00:01:16.000Z,1,PORT_SHIFT,high
syn_evt_00000000e825_000000001c0d1875,wallet,syn_w_0000000000001324,2026-07-20T00:01:54.000Z,1,PORT_SHIFT,high
syn_evt_00000000e826_000000001c0d3764,wallet,syn_w_0000000000001324,2026-07-20T00:02:32.000Z,1,PORT_SHIFT,high
syn_evt_00000000e827_000000001c0d5653,wallet,syn_w_0000000000001324,2026-07-20T00:03:10.000Z,1,PORT_SHIFT,high
syn_evt_00000000e828_000000001c0d7542,wallet,syn_w_0000000000001324,2026-07-20T00:03:48.000Z,1,PORT_SHIFT,high
syn_evt_00000000e829_000000001c0d9431,wallet,syn_w_0000000000001324,2026-07-20T00:04:26.000Z,1,PORT_SHIFT,high
syn_evt_00000000e82a_000000001c0db320,wallet,syn_w_0000000000001324,2026-07-20T00:05:04.000Z,1,PORT_SHIFT,high
syn_evt_00000000e82b_000000001c0dd20f,wallet,syn_w_0000000000001324,2026-07-20T00:05:42.000Z,1,PORT_SHIFT,high
syn_evt_00000000e82c_000000001c0df0fe,wallet,syn_w_0000000000001324,2026-07-20T00:06:20.000Z,1,PORT_SHIFT,high
syn_evt_00000000e82d_000000001c0e0fed,wallet,syn_w_0000000000001324,2026-07-20T00:06:58.000Z,1,PORT_SHIFT,high
syn_evt_00000000e82e_000000001c0e2edc,wallet,syn_w_0000000000001324,2026-07-20T00:07:36.000Z,1,PORT_SHIFT,high
syn_evt_00000000e82f_000000001c0e4dcb,wallet,syn_w_0000000000001324,2026-07-20T00:08:14.000Z,1,PORT_SHIFT,high
syn_evt_00000000e830_000000001c0e6cba,wallet,syn_w_0000000000001324,2026-07-20T00:08:52.000Z,1,PORT_SHIFT,high
syn_evt_00000000e831_000000001c0e8ba9,wallet,syn_w_0000000000001324,2026-07-20T00:09:30.000Z,1,PORT_SHIFT,high
syn_evt_00000000e832_000000001c0eaa98,wallet,syn_w_0000000000001324,2026-07-20T00:10:08.000Z,1,PORT_SHIFT,high
syn_evt_00000000e833_000000001c0ec987,wallet,syn_w_0000000000001324,2026-07-20T00:10:46.000Z,1,PORT_SHIFT,high
syn_evt_00000000e834_000000001c0ee876,wallet,syn_w_0000000000001324,2026-07-20T00:11:24.000Z,1,PORT_SHIFT,high
syn_evt_00000000e835_000000001c0f0765,wallet,syn_w_0000000000001324,2026-07-20T00:12:02.000Z,1,PORT_SHIFT,high
syn_evt_00000000e836_000000001c0f2654,wallet,syn_w_0000000000001324,2026-07-20T00:12:40.000Z,1,PORT_SHIFT,high
syn_evt_00000000e837_000000001c0f4543,wallet,syn_w_0000000000001324,2026-07-20T00:13:18.000Z,1,PORT_SHIFT,high
syn_evt_00000000e838_000000001c0f6432,wallet,syn_w_0000000000001324,2026-07-20T00:13:56.000Z,1,PORT_SHIFT,high
syn_evt_00000000e839_000000001c0f8321,wallet,syn_w_0000000000001324,2026-07-20T00:14:34.000Z,1,PORT_SHIFT,high
syn_evt_00000000e83a_000000001c0fa210,wallet,syn_w_0000000000001324,2026-07-20T00:15:12.000Z,1,PORT_SHIFT,high
syn_evt_00000000e83b_000000001c0fc0ff,wallet,syn_w_0000000000001324,2026-07-20T00:15:50.000Z,1,PORT_SHIFT,high
syn_evt_00000000e83c_000000001c0fdfee,wallet,syn_w_0000000000001324,2026-07-20T00:16:28.000Z,1,PORT_SHIFT,high
syn_evt_00000000e83d_000000001c0ffedd,wallet,syn_w_0000000000001324,2026-07-20T00:17:06.000Z,1,PORT_SHIFT,high
syn_evt_00000000e83e_000000001c101dcc,wallet,syn_w_0000000000001324,2026-07-20T00:17:44.000Z,1,PORT_SHIFT,high
syn_evt_00000000e83f_000000001c103cbb,wallet,syn_w_0000000000001324,2026-07-20T00:18:22.000Z,1,PORT_SHIFT,high
syn_evt_00000000e840_000000001c105baa,wallet,syn_w_0000000000001324,2026-07-20T00:19:00.000Z,1,PORT_SHIFT,high
syn_evt_00000000e841_000000001c107a99,wallet,syn_w_0000000000001324,2026-07-20T00:19:38.000Z,1,PORT_SHIFT,high
syn_evt_00000000e842_000000001c109988,wallet,syn_w_0000000000001324,2026-07-20T00:20:16.000Z,1,PORT_SHIFT,high
syn_evt_00000000e843_000000001c10b877,wallet,syn_w_0000000000001324,2026-07-20T00:20:54.000Z,1,PORT_SHIFT,high
syn_evt_00000000e844_000000001c10d766,wallet,syn_w_0000000000001324,2026-07-20T00:21:32.000Z,1,PORT_SHIFT,high
syn_evt_00000000e845_000000001c10f655,wallet,syn_w_0000000000001324,2026-07-20T00:22:10.000Z,1,PORT_SHIFT,high
syn_evt_00000000e846_000000001c111544,wallet,syn_w_0000000000001324,2026-07-20T00:22:48.000Z,1,PORT_SHIFT,high
syn_evt_00000000e847_000000001c113433,wallet,syn_w_0000000000001324,2026-07-20T00:23:26.000Z,1,PORT_SHIFT,high
syn_evt_00000000e848_000000001c115322,wallet,syn_w_0000000000001324,2026-07-20T00:24:04.000Z,1,PORT_SHIFT,high
syn_evt_00000000e849_000000001c117211,wallet,syn_w_0000000000001324,2026-07-20T00:24:42.000Z,1,PORT_SHIFT,high
syn_evt_00000000e84a_000000001c119100,wallet,syn_w_00000000000013ec,2026-07-26T00:00:00.000Z,1,PORT_SHIFT,high
syn_evt_00000000e84b_000000001c11afef,wallet,syn_w_00000000000013ec,2026-07-26T00:00:38.000Z,1,PORT_SHIFT,high
syn_evt_00000000e84c_000000001c11cede,wallet,syn_w_00000000000013ec,2026-07-26T00:01:16.000Z,1,PORT_SHIFT,high
syn_evt_00000000e84d_000000001c11edcd,wallet,syn_w_00000000000013ec,2026-07-26T00:01:54.000Z,1,PORT_SHIFT,high
syn_evt_00000000e84e_000000001c120cbc,wallet,syn_w_00000000000013ec,2026-07-26T00:02:32.000Z,1,PORT_SHIFT,high
syn_evt_00000000e84f_000000001c122bab,wallet,syn_w_00000000000013ec,2026-07-26T00:03:10.000Z,1,PORT_SHIFT,high
syn_evt_00000000e850_000000001c124a9a,wallet,syn_w_00000000000013ec,2026-07-26T00:03:48.000Z,1,PORT_SHIFT,high
syn_evt_00000000e851_000000001c126989,wallet,syn_w_00000000000013ec,2026-07-26T00:04:26.000Z,1,PORT_SHIFT,high
syn_evt_00000000e852_000000001c128878,wallet,syn_w_00000000000013ec,2026-07-26T00:05:04.000Z,1,PORT_SHIFT,high
syn_evt_00000000e853_000000001c12a767,wallet,syn_w_00000000000013ec,2026-07-26T00:05:42.000Z,1,PORT_SHIFT,high
syn_evt_00000000e854_000000001c12c656,wallet,syn_w_00000000000013ec,2026-07-26T00:06:20.000Z,1,PORT_SHIFT,high
syn_evt_00000000e855_000000001c12e545,wallet,syn_w_00000000000013ec,2026-07-26T00:06:58.000Z,1,PORT_SHIFT,high
syn_evt_00000000e856_000000001c130434,wallet,syn_w_00000000000013ec,2026-07-26T00:07:36.000Z,1,PORT_SHIFT,high
syn_evt_00000000e857_000000001c132323,wallet,syn_w_00000000000013ec,2026-07-26T00:08:14.000Z,1,PORT_SHIFT,high
syn_evt_00000000e858_000000001c134212,wallet,syn_w_00000000000013ec,2026-07-26T00:08:52.000Z,1,PORT_SHIFT,high
syn_evt_00000000e859_000000001c136101,wallet,syn_w_00000000000013ec,2026-07-26T00:09:30.000Z,1,PORT_SHIFT,high
syn_evt_00000000e85a_000000001c137ff0,wallet,syn_w_00000000000013ec,2026-07-26T00:10:08.000Z,1,PORT_SHIFT,high
syn_evt_00000000e85b_000000001c139edf,wallet,syn_w_00000000000013ec,2026-07-26T00:10:46.000Z,1,PORT_SHIFT,high
syn_evt_00000000e85c_000000001c13bdce,wallet,syn_w_00000000000013ec,2026-07-26T00:11:24.000Z,1,PORT_SHIFT,high
syn_evt_00000000e85d_000000001c13dcbd,wallet,syn_w_00000000000013ec,2026-07-26T00:12:02.000Z,1,PORT_SHIFT,high
syn_evt_00000000e85e_000000001c13fbac,wallet,syn_w_00000000000013ec,2026-07-26T00:12:40.000Z,1,PORT_SHIFT,high
syn_evt_00000000e85f_000000001c141a9b,wallet,syn_w_00000000000013ec,2026-07-26T00:13:18.000Z,1,PORT_SHIFT,high
syn_evt_00000000e860_000000001c14398a,wallet,syn_w_00000000000013ec,2026-07-26T00:13:56.000Z,1,PORT_SHIFT,high
syn_evt_00000000e861_000000001c145879,wallet,syn_w_00000000000013ec,2026-07-26T00:14:34.000Z,1,PORT_SHIFT,high
syn_evt_00000000e862_000000001c147768,wallet,syn_w_00000000000013ec,2026-07-26T00:15:12.000Z,1,PORT_SHIFT,high
syn_evt_00000000e863_000000001c149657,wallet,syn_w_00000000000013ec,2026-07-26T00:15:50.000Z,1,PORT_SHIFT,high
syn_evt_00000000e864_000000001c14b546,wallet,syn_w_00000000000013ec,2026-07-26T00:16:28.000Z,1,PORT_SHIFT,high
syn_evt_00000000e865_000000001c14d435,wallet,syn_w_00000000000013ec,2026-07-26T00:17:06.000Z,1,PORT_SHIFT,high
syn_evt_00000000e866_000000001c14f324,wallet,syn_w_00000000000013ec,2026-07-26T00:17:44.000Z,1,PORT_SHIFT,high
syn_evt_00000000e867_000000001c151213,wallet,syn_w_00000000000013ec,2026-07-26T00:18:22.000Z,1,PORT_SHIFT,high
syn_evt_00000000e868_000000001c153102,wallet,syn_w_00000000000013ec,2026-07-26T00:19:00.000Z,1,PORT_SHIFT,high
syn_evt_00000000e869_000000001c154ff1,wallet,syn_w_00000000000013ec,2026-07-26T00:19:38.000Z,1,PORT_SHIFT,high
syn_evt_00000000e86a_000000001c156ee0,wallet,syn_w_00000000000013ec,2026-07-26T00:20:16.000Z,1,PORT_SHIFT,high
syn_evt_00000000e86b_000000001c158dcf,wallet,syn_w_00000000000013ec,2026-07-26T00:20:54.000Z,1,PORT_SHIFT,high
syn_evt_00000000e86c_000000001c15acbe,wallet,syn_w_00000000000013ec,2026-07-26T00:21:32.000Z,1,PORT_SHIFT,high
syn_evt_00000000e86d_000000001c15cbad,wallet,syn_w_0000000000001518,2026-07-05T00:00:00.000Z,1,IP_ROTATION,high
syn_evt_00000000e86e_000000001c15ea9c,wallet,syn_w_0000000000001518,2026-07-05T00:00:28.000Z,1,IP_ROTATION,high
syn_evt_00000000e86f_000000001c16098b,wallet,syn_w_0000000000001518,2026-07-05T00:00:56.000Z,1,IP_ROTATION,high
syn_evt_00000000e870_000000001c16287a,wallet,syn_w_0000000000001518,2026-07-05T00:01:24.000Z,1,IP_ROTATION,high
syn_evt_00000000e871_000000001c164769,wallet,syn_w_0000000000001518,2026-07-05T00:01:52.000Z,1,IP_ROTATION,high
syn_evt_00000000e872_000000001c166658,wallet,syn_w_0000000000001518,2026-07-05T00:02:20.000Z,1,IP_ROTATION,high
syn_evt_00000000e873_000000001c168547,wallet,syn_w_0000000000001518,2026-07-05T00:02:48.000Z,1,IP_ROTATION,high
syn_evt_00000000e874_000000001c16a436,wallet,syn_w_0000000000001518,2026-07-05T00:03:16.000Z,1,IP_ROTATION,high
syn_evt_00000000e875_000000001c16c325,wallet,syn_w_0000000000001518,2026-07-05T00:03:44.000Z,1,IP_ROTATION,high
syn_evt_00000000e876_000000001c16e214,wallet,syn_w_0000000000001518,2026-07-05T00:04:12.000Z,1,IP_ROTATION,high
syn_evt_00000000e877_000000001c170103,wallet,syn_w_0000000000001518,2026-07-05T00:04:40.000Z,1,IP_ROTATION,high
syn_evt_00000000e878_000000001c171ff2,wallet,syn_w_0000000000001518,2026-07-05T00:05:08.000Z,1,IP_ROTATION,high
syn_evt_00000000e879_000000001c173ee1,wallet,syn_w_0000000000001518,2026-07-05T00:05:36.000Z,1,IP_ROTATION,high
syn_evt_00000000e87a_000000001c175dd0,wallet,syn_w_0000000000001518,2026-07-05T00:06:04.000Z,1,IP_ROTATION,high
syn_evt_00000000e87b_000000001c177cbf,wallet,syn_w_0000000000001518,2026-07-05T00:06:32.000Z,1,IP_ROTATION,high
syn_evt_00000000e87c_000000001c179bae,wallet,syn_w_0000000000001518,2026-07-05T00:07:00.000Z,1,IP_ROTATION,high
syn_evt_00000000e87d_000000001c17ba9d,wallet,syn_w_0000000000001518,2026-07-05T00:07:28.000Z,1,IP_ROTATION,high
syn_evt_00000000e87e_000000001c17d98c,wallet,syn_w_0000000000001518,2026-07-05T00:07:56.000Z,1,IP_ROTATION,high
syn_evt_00000000e87f_000000001c17f87b,wallet,syn_w_0000000000001518,2026-07-05T00:08:24.000Z,1,IP_ROTATION,high
syn_evt_00000000e880_000000001c18176a,wallet,syn_w_0000000000001518,2026-07-05T00:08:52.000Z,1,IP_ROTATION,high
syn_evt_00000000e881_000000001c183659,wallet,syn_w_0000000000001518,2026-07-05T00:09:20.000Z,1,IP_ROTATION,high
syn_evt_00000000e882_000000001c185548,wallet,syn_w_0000000000001518,2026-07-05T00:09:48.000Z,1,IP_ROTATION,high
syn_evt_00000000e883_000000001c187437,wallet,syn_w_0000000000001518,2026-07-05T00:10:16.000Z,1,IP_ROTATION,high
syn_evt_00000000e884_000000001c189326,wallet,syn_w_0000000000001518,2026-07-05T00:10:44.000Z,1,IP_ROTATION,high
syn_evt_00000000e885_000000001c18b215,wallet,syn_w_0000000000001518,2026-07-05T00:11:12.000Z,1,IP_ROTATION,high
syn_evt_00000000e886_000000001c18d104,wallet,syn_w_0000000000001518,2026-07-05T00:11:40.000Z,1,IP_ROTATION,high
syn_evt_00000000e887_000000001c18eff3,wallet,syn_w_0000000000001518,2026-07-05T00:12:08.000Z,1,IP_ROTATION,high
syn_evt_00000000e888_000000001c190ee2,wallet,syn_w_0000000000001518,2026-07-05T00:12:36.000Z,1,IP_ROTATION,high
syn_evt_00000000e889_000000001c192dd1,wallet,syn_w_0000000000001518,2026-07-05T00:13:04.000Z,1,IP_ROTATION,high
syn_evt_00000000e88a_000000001c194cc0,wallet,syn_w_0000000000001518,2026-07-05T00:13:32.000Z,1,IP_ROTATION,high
syn_evt_00000000e88b_000000001c196baf,wallet,syn_w_0000000000001518,2026-07-05T00:14:00.000Z,1,IP_ROTATION,high
syn_evt_00000000e88c_000000001c198a9e,wallet,syn_w_0000000000001518,2026-07-05T00:14:28.000Z,1,IP_ROTATION,high
syn_evt_00000000e88d_000000001c19a98d,wallet,syn_w_0000000000001518,2026-07-05T00:14:56.000Z,1,IP_ROTATION,high
syn_evt_00000000e88e_000000001c19c87c,wallet,syn_w_0000000000001518,2026-07-05T00:15:24.000Z,1,IP_ROTATION,high
syn_evt_00000000e88f_000000001c19e76b,wallet,syn_w_0000000000001518,2026-07-05T00:15:52.000Z,1,IP_ROTATION,high
syn_evt_00000000e890_000000001c1a065a,wallet,syn_w_0000000000001518,2026-07-05T00:16:20.000Z,1,IP_ROTATION,high
syn_evt_00000000e891_000000001c1a2549,wallet,syn_w_0000000000001518,2026-07-05T00:16:48.000Z,1,IP_ROTATION,high
syn_evt_00000000e892_000000001c1a4438,wallet,syn_w_0000000000001518,2026-07-05T00:17:16.000Z,1,IP_ROTATION,high
syn_evt_00000000e893_000000001c1a6327,wallet,syn_w_0000000000001518,2026-07-05T00:17:44.000Z,1,IP_ROTATION,high
syn_evt_00000000e894_000000001c1a8216,wallet,syn_w_0000000000001518,2026-07-05T00:18:12.000Z,1,IP_ROTATION,high
syn_evt_00000000e895_000000001c1aa105,wallet,syn_w_0000000000001518,2026-07-05T00:18:40.000Z,1,IP_ROTATION,high
syn_evt_00000000e896_000000001c1abff4,wallet,syn_w_0000000000001518,2026-07-05T00:19:08.000Z,1,IP_ROTATION,high
syn_evt_00000000e897_000000001c1adee3,wallet,syn_w_0000000000001518,2026-07-05T00:19:36.000Z,1,IP_ROTATION,high
syn_evt_00000000e898_000000001c1afdd2,wallet,syn_w_0000000000001518,2026-07-05T00:20:04.000Z,1,IP_ROTATION,high
syn_evt_00000000e899_000000001c1b1cc1,wallet,syn_w_0000000000001518,2026-07-05T00:20:32.000Z,1,IP_ROTATION,high
syn_evt_00000000e89a_000000001c1b3bb0,wallet,syn_w_0000000000001518,2026-07-05T00:21:00.000Z,1,IP_ROTATION,high
syn_evt_00000000e89b_000000001c1b5a9f,wallet,syn_w_0000000000001518,2026-07-05T00:21:28.000Z,1,IP_ROTATION,high
syn_evt_00000000e89c_000000001c1b798e,wallet,syn_w_0000000000001518,2026-07-05T00:21:56.000Z,1,IP_ROTATION,high
syn_evt_00000000e89d_000000001c1b987d,wallet,syn_w_0000000000001518,2026-07-05T00:22:24.000Z,1,IP_ROTATION,high
syn_evt_00000000e89e_000000001c1bb76c,wallet,syn_w_0000000000001518,2026-07-05T00:22:52.000Z,1,IP_ROTATION,high
syn_evt_00000000e89f_000000001c1bd65b,wallet,syn_w_0000000000001518,2026-07-05T00:23:20.000Z,1,IP_ROTATION,high
syn_evt_00000000e8a0_000000001c1bf54a,wallet,syn_w_0000000000001518,2026-07-05T00:23:48.000Z,1,IP_ROTATION,high
syn_evt_00000000e8a1_000000001c1c1439,wallet,syn_w_0000000000001518,2026-07-05T00:24:16.000Z,1,IP_ROTATION,high
syn_evt_00000000e8a2_000000001c1c3328,wallet,syn_w_0000000000001518,2026-07-05T00:24:44.000Z,1,IP_ROTATION,high
syn_evt_00000000e8a3_000000001c1c5217,wallet,syn_w_0000000000001518,2026-07-05T00:25:12.000Z,1,IP_ROTATION,high
syn_evt_00000000e8a4_000000001c1c7106,wallet,syn_w_0000000000001518,2026-07-05T00:25:40.000Z,1,IP_ROTATION,high
syn_evt_00000000e8a5_000000001c1c8ff5,wallet,syn_w_0000000000001518,2026-07-05T00:26:08.000Z,1,IP_ROTATION,high
syn_evt_00000000e8a6_000000001c1caee4,wallet,syn_w_0000000000001518,2026-07-05T00:26:36.000Z,1,IP_ROTATION,high
syn_evt_00000000e8a7_000000001c1ccdd3,wallet,syn_w_0000000000001518,2026-07-05T00:27:04.000Z,1,IP_ROTATION,high
syn_evt_00000000e8a8_000000001c1cecc2,wallet,syn_w_0000000000001518,2026-07-05T00:27:32.000Z,1,IP_ROTATION,high
syn_evt_00000000e8a9_000000001c1d0bb1,wallet,syn_w_0000000000001518,2026-07-05T00:28:00.000Z,1,IP_ROTATION,high
syn_evt_00000000e8aa_000000001c1d2aa0,wallet,syn_w_0000000000001518,2026-07-05T00:28:28.000Z,1,IP_ROTATION,high
syn_evt_00000000e8ab_000000001c1d498f,wallet,syn_w_0000000000001518,2026-07-05T00:28:56.000Z,1,IP_ROTATION,high
syn_evt_00000000e8ac_000000001c1d687e,wallet,syn_w_0000000000001518,2026-07-05T00:29:24.000Z,1,IP_ROTATION,high
syn_evt_00000000e8ad_000000001c1d876d,wallet,syn_w_0000000000001518,2026-07-05T00:29:52.000Z,1,IP_ROTATION,high
syn_evt_00000000e8ae_000000001c1da65c,wallet,syn_w_0000000000001518,2026-07-05T00:30:20.000Z,1,IP_ROTATION,high
syn_evt_00000000e8af_000000001c1dc54b,wallet,syn_w_0000000000001518,2026-07-05T00:30:48.000Z,1,IP_ROTATION,high
syn_evt_00000000e8b0_000000001c1de43a,wallet,syn_w_0000000000001518,2026-07-05T00:31:16.000Z,1,IP_ROTATION,high
syn_evt_00000000e8b1_000000001c1e0329,wallet,syn_w_0000000000001518,2026-07-05T00:31:44.000Z,1,IP_ROTATION,high
syn_evt_00000000e8b2_000000001c1e2218,wallet,syn_w_0000000000001518,2026-07-05T00:32:12.000Z,1,IP_ROTATION,high
syn_evt_00000000e8b3_000000001c1e4107,wallet,syn_w_0000000000001518,2026-07-05T00:32:40.000Z,1,IP_ROTATION,high
syn_evt_00000000e8b4_000000001c1e5ff6,wallet,syn_w_0000000000001518,2026-07-05T00:33:08.000Z,1,IP_ROTATION,high
syn_evt_00000000e8b5_000000001c1e7ee5,wallet,syn_w_0000000000001518,2026-07-05T00:33:36.000Z,1,IP_ROTATION,high
syn_evt_00000000e8b6_000000001c1e9dd4,wallet,syn_w_0000000000001518,2026-07-05T00:34:04.000Z,1,IP_ROTATION,high
syn_evt_00000000e8b7_000000001c1ebcc3,wallet,syn_w_0000000000001518,2026-07-05T00:34:32.000Z,1,IP_ROTATION,high
syn_evt_00000000e8b8_000000001c1edbb2,wallet,syn_w_0000000000001518,2026-07-05T00:35:00.000Z,1,IP_ROTATION,high
syn_evt_00000000e8b9_000000001c1efaa1,wallet,syn_w_0000000000001518,2026-07-05T00:35:28.000Z,1,IP_ROTATION,high
syn_evt_00000000e8ba_000000001c1f1990,wallet,syn_w_0000000000001518,2026-07-05T00:35:56.000Z,1,IP_ROTATION,high
syn_evt_00000000e8bb_000000001c1f387f,wallet,syn_w_0000000000001518,2026-07-05T00:36:24.000Z,1,IP_ROTATION,high
syn_evt_00000000e8bc_000000001c1f576e,wallet,syn_w_0000000000001518,2026-07-05T00:36:52.000Z,1,IP_ROTATION,high
syn_evt_00000000e8bd_000000001c1f765d,wallet,syn_w_0000000000001518,2026-07-05T00:37:20.000Z,1,IP_ROTATION,high
syn_evt_00000000e8be_000000001c1f954c,wallet,syn_w_0000000000001518,2026-07-05T00:37:48.000Z,1,IP_ROTATION,high
syn_evt_00000000e8bf_000000001c1fb43b,wallet,syn_w_0000000000001518,2026-07-05T00:38:16.000Z,1,IP_ROTATION,high
syn_evt_00000000e8c0_000000001c1fd32a,wallet,syn_w_0000000000001518,2026-07-05T00:38:44.000Z,1,IP_ROTATION,high
syn_evt_00000000e8c1_000000001c1ff219,wallet,syn_w_0000000000001518,2026-07-05T00:39:12.000Z,1,IP_ROTATION,high
syn_evt_00000000e8c2_000000001c201108,wallet,syn_w_0000000000001518,2026-07-05T00:39:40.000Z,1,IP_ROTATION,high
syn_evt_00000000e8c3_000000001c202ff7,wallet,syn_w_0000000000001518,2026-07-05T00:40:08.000Z,1,IP_ROTATION,high
syn_evt_00000000e8c4_000000001c204ee6,wallet,syn_w_0000000000001518,2026-07-05T00:40:36.000Z,1,IP_ROTATION,high
syn_evt_00000000e8c5_000000001c206dd5,wallet,syn_w_0000000000001518,2026-07-05T00:41:04.000Z,1,IP_ROTATION,high
syn_evt_00000000e8c6_000000001c208cc4,wallet,syn_w_0000000000001518,2026-07-05T00:41:32.000Z,1,IP_ROTATION,high
syn_evt_00000000e8c7_000000001c20abb3,wallet,syn_w_0000000000001518,2026-07-05T00:42:00.000Z,1,IP_ROTATION,high
syn_evt_00000000e8c8_000000001c20caa2,wallet,syn_w_0000000000001518,2026-07-05T00:42:28.000Z,1,IP_ROTATION,high
syn_evt_00000000e8c9_000000001c20e991,wallet,syn_w_0000000000001518,2026-07-05T00:42:56.000Z,1,IP_ROTATION,high
syn_evt_00000000e8ca_000000001c210880,wallet,syn_w_0000000000001518,2026-07-05T00:43:24.000Z,1,IP_ROTATION,high
syn_evt_00000000e8cb_000000001c21276f,wallet,syn_w_0000000000001518,2026-07-05T00:43:52.000Z,1,IP_ROTATION,high
syn_evt_00000000e8cc_000000001c21465e,wallet,syn_w_0000000000001518,2026-07-05T00:44:20.000Z,1,IP_ROTATION,high
syn_evt_00000000e8cd_000000001c21654d,wallet,syn_w_0000000000001518,2026-07-05T00:44:48.000Z,1,IP_ROTATION,high
syn_evt_00000000e8ce_000000001c21843c,wallet,syn_w_0000000000001518,2026-07-05T00:45:16.000Z,1,IP_ROTATION,high
syn_evt_00000000e8cf_000000001c21a32b,wallet,syn_w_0000000000001518,2026-07-05T00:45:44.000Z,1,IP_ROTATION,high
syn_evt_00000000e8d0_000000001c21c21a,wallet,syn_w_0000000000001518,2026-07-05T00:46:12.000Z,1,IP_ROTATION,high
syn_evt_00000000e8d1_000000001c21e109,wallet,syn_w_00000000000015e0,2026-07-13T00:00:00.000Z,1,IP_ROTATION,high
syn_evt_00000000e8d2_000000001c21fff8,wallet,syn_w_00000000000015e0,2026-07-13T00:00:28.000Z,1,IP_ROTATION,high
syn_evt_00000000e8d3_000000001c221ee7,wallet,syn_w_00000000000015e0,2026-07-13T00:00:56.000Z,1,IP_ROTATION,high
syn_evt_00000000e8d4_000000001c223dd6,wallet,syn_w_00000000000015e0,2026-07-13T00:01:24.000Z,1,IP_ROTATION,high
syn_evt_00000000e8d5_000000001c225cc5,wallet,syn_w_00000000000015e0,2026-07-13T00:01:52.000Z,1,IP_ROTATION,high
syn_evt_00000000e8d6_000000001c227bb4,wallet,syn_w_00000000000015e0,2026-07-13T00:02:20.000Z,1,IP_ROTATION,high
syn_evt_00000000e8d7_000000001c229aa3,wallet,syn_w_00000000000015e0,2026-07-13T00:02:48.000Z,1,IP_ROTATION,high
syn_evt_00000000e8d8_000000001c22b992,wallet,syn_w_00000000000015e0,2026-07-13T00:03:16.000Z,1,IP_ROTATION,high
syn_evt_00000000e8d9_000000001c22d881,wallet,syn_w_00000000000015e0,2026-07-13T00:03:44.000Z,1,IP_ROTATION,high
syn_evt_00000000e8da_000000001c22f770,wallet,syn_w_00000000000015e0,2026-07-13T00:04:12.000Z,1,IP_ROTATION,high
syn_evt_00000000e8db_000000001c23165f,wallet,syn_w_00000000000015e0,2026-07-13T00:04:40.000Z,1,IP_ROTATION,high
syn_evt_00000000e8dc_000000001c23354e,wallet,syn_w_00000000000015e0,2026-07-13T00:05:08.000Z,1,IP_ROTATION,high
syn_evt_00000000e8dd_000000001c23543d,wallet,syn_w_00000000000015e0,2026-07-13T00:05:36.000Z,1,IP_ROTATION,high
syn_evt_00000000e8de_000000001c23732c,wallet,syn_w_00000000000015e0,2026-07-13T00:06:04.000Z,1,IP_ROTATION,high
syn_evt_00000000e8df_000000001c23921b,wallet,syn_w_00000000000015e0,2026-07-13T00:06:32.000Z,1,IP_ROTATION,high
syn_evt_00000000e8e0_000000001c23b10a,wallet,syn_w_00000000000015e0,2026-07-13T00:07:00.000Z,1,IP_ROTATION,high
syn_evt_00000000e8e1_000000001c23cff9,wallet,syn_w_00000000000015e0,2026-07-13T00:07:28.000Z,1,IP_ROTATION,high
syn_evt_00000000e8e2_000000001c23eee8,wallet,syn_w_00000000000015e0,2026-07-13T00:07:56.000Z,1,IP_ROTATION,high
syn_evt_00000000e8e3_000000001c240dd7,wallet,syn_w_00000000000015e0,2026-07-13T00:08:24.000Z,1,IP_ROTATION,high
syn_evt_00000000e8e4_000000001c242cc6,wallet,syn_w_00000000000015e0,2026-07-13T00:08:52.000Z,1,IP_ROTATION,high
syn_evt_00000000e8e5_000000001c244bb5,wallet,syn_w_00000000000015e0,2026-07-13T00:09:20.000Z,1,IP_ROTATION,high
syn_evt_00000000e8e6_000000001c246aa4,wallet,syn_w_00000000000015e0,2026-07-13T00:09:48.000Z,1,IP_ROTATION,high
syn_evt_00000000e8e7_000000001c248993,wallet,syn_w_00000000000015e0,2026-07-13T00:10:16.000Z,1,IP_ROTATION,high
syn_evt_00000000e8e8_000000001c24a882,wallet,syn_w_00000000000015e0,2026-07-13T00:10:44.000Z,1,IP_ROTATION,high
syn_evt_00000000e8e9_000000001c24c771,wallet,syn_w_00000000000015e0,2026-07-13T00:11:12.000Z,1,IP_ROTATION,high
syn_evt_00000000e8ea_000000001c24e660,wallet,syn_w_00000000000015e0,2026-07-13T00:11:40.000Z,1,IP_ROTATION,high
syn_evt_00000000e8eb_000000001c25054f,wallet,syn_w_00000000000015e0,2026-07-13T00:12:08.000Z,1,IP_ROTATION,high
syn_evt_00000000e8ec_000000001c25243e,wallet,syn_w_00000000000015e0,2026-07-13T00:12:36.000Z,1,IP_ROTATION,high
syn_evt_00000000e8ed_000000001c25432d,wallet,syn_w_00000000000015e0,2026-07-13T00:13:04.000Z,1,IP_ROTATION,high
syn_evt_00000000e8ee_000000001c25621c,wallet,syn_w_00000000000015e0,2026-07-13T00:13:32.000Z,1,IP_ROTATION,high
syn_evt_00000000e8ef_000000001c25810b,wallet,syn_w_00000000000015e0,2026-07-13T00:14:00.000Z,1,IP_ROTATION,high
syn_evt_00000000e8f0_000000001c259ffa,wallet,syn_w_00000000000015e0,2026-07-13T00:14:28.000Z,1,IP_ROTATION,high
syn_evt_00000000e8f1_000000001c25bee9,wallet,syn_w_00000000000015e0,2026-07-13T00:14:56.000Z,1,IP_ROTATION,high
syn_evt_00000000e8f2_000000001c25ddd8,wallet,syn_w_00000000000015e0,2026-07-13T00:15:24.000Z,1,IP_ROTATION,high
syn_evt_00000000e8f3_000000001c25fcc7,wallet,syn_w_00000000000015e0,2026-07-13T00:15:52.000Z,1,IP_ROTATION,high
syn_evt_00000000e8f4_000000001c261bb6,wallet,syn_w_00000000000015e0,2026-07-13T00:16:20.000Z,1,IP_ROTATION,high
syn_evt_00000000e8f5_000000001c263aa5,wallet,syn_w_00000000000015e0,2026-07-13T00:16:48.000Z,1,IP_ROTATION,high
syn_evt_00000000e8f6_000000001c265994,wallet,syn_w_00000000000015e0,2026-07-13T00:17:16.000Z,1,IP_ROTATION,high
syn_evt_00000000e8f7_000000001c267883,wallet,syn_w_00000000000015e0,2026-07-13T00:17:44.000Z,1,IP_ROTATION,high
syn_evt_00000000e8f8_000000001c269772,wallet,syn_w_00000000000015e0,2026-07-13T00:18:12.000Z,1,IP_ROTATION,high
syn_evt_00000000e8f9_000000001c26b661,wallet,syn_w_00000000000015e0,2026-07-13T00:18:40.000Z,1,IP_ROTATION,high
syn_evt_00000000e8fa_000000001c26d550,wallet,syn_w_00000000000015e0,2026-07-13T00:19:08.000Z,1,IP_ROTATION,high
syn_evt_00000000e8fb_000000001c26f43f,wallet,syn_w_00000000000015e0,2026-07-13T00:19:36.000Z,1,IP_ROTATION,high
syn_evt_00000000e8fc_000000001c27132e,wallet,syn_w_00000000000015e0,2026-07-13T00:20:04.000Z,1,IP_ROTATION,high
syn_evt_00000000e8fd_000000001c27321d,wallet,syn_w_00000000000015e0,2026-07-13T00:20:32.000Z,1,IP_ROTATION,high
syn_evt_00000000e8fe_000000001c27510c,wallet,syn_w_00000000000015e0,2026-07-13T00:21:00.000Z,1,IP_ROTATION,high
syn_evt_00000000e8ff_000000001c276ffb,wallet,syn_w_00000000000015e0,2026-07-13T00:21:28.000Z,1,IP_ROTATION,high
syn_evt_00000000e900_000000001c278eea,wallet,syn_w_00000000000015e0,2026-07-13T00:21:56.000Z,1,IP_ROTATION,high
syn_evt_00000000e901_000000001c27add9,wallet,syn_w_00000000000015e0,2026-07-13T00:22:24.000Z,1,IP_ROTATION,high
syn_evt_00000000e902_000000001c27ccc8,wallet,syn_w_00000000000015e0,2026-07-13T00:22:52.000Z,1,IP_ROTATION,high
syn_evt_00000000e903_000000001c27ebb7,wallet,syn_w_00000000000015e0,2026-07-13T00:23:20.000Z,1,IP_ROTATION,high
syn_evt_00000000e904_000000001c280aa6,wallet,syn_w_00000000000015e0,2026-07-13T00:23:48.000Z,1,IP_ROTATION,high
syn_evt_00000000e905_000000001c282995,wallet,syn_w_00000000000015e0,2026-07-13T00:24:16.000Z,1,IP_ROTATION,high
syn_evt_00000000e906_000000001c284884,wallet,syn_w_00000000000015e0,2026-07-13T00:24:44.000Z,1,IP_ROTATION,high
syn_evt_00000000e907_000000001c286773,wallet,syn_w_00000000000015e0,2026-07-13T00:25:12.000Z,1,IP_ROTATION,high
syn_evt_00000000e908_000000001c288662,wallet,syn_w_00000000000015e0,2026-07-13T00:25:40.000Z,1,IP_ROTATION,high
syn_evt_00000000e909_000000001c28a551,wallet,syn_w_00000000000015e0,2026-07-13T00:26:08.000Z,1,IP_ROTATION,high
syn_evt_00000000e90a_000000001c28c440,wallet,syn_w_00000000000015e0,2026-07-13T00:26:36.000Z,1,IP_ROTATION,high
syn_evt_00000000e90b_000000001c28e32f,wallet,syn_w_00000000000015e0,2026-07-13T00:27:04.000Z,1,IP_ROTATION,high
syn_evt_00000000e90c_000000001c29021e,wallet,syn_w_00000000000015e0,2026-07-13T00:27:32.000Z,1,IP_ROTATION,high
syn_evt_00000000e90d_000000001c29210d,wallet,syn_w_00000000000015e0,2026-07-13T00:28:00.000Z,1,IP_ROTATION,high
syn_evt_00000000e90e_000000001c293ffc,wallet,syn_w_00000000000015e0,2026-07-13T00:28:28.000Z,1,IP_ROTATION,high
syn_evt_00000000e90f_000000001c295eeb,wallet,syn_w_00000000000015e0,2026-07-13T00:28:56.000Z,1,IP_ROTATION,high
syn_evt_00000000e910_000000001c297dda,wallet,syn_w_00000000000015e0,2026-07-13T00:29:24.000Z,1,IP_ROTATION,high
syn_evt_00000000e911_000000001c299cc9,wallet,syn_w_00000000000015e0,2026-07-13T00:29:52.000Z,1,IP_ROTATION,high
syn_evt_00000000e912_000000001c29bbb8,wallet,syn_w_00000000000015e0,2026-07-13T00:30:20.000Z,1,IP_ROTATION,high
syn_evt_00000000e913_000000001c29daa7,wallet,syn_w_00000000000015e0,2026-07-13T00:30:48.000Z,1,IP_ROTATION,high
syn_evt_00000000e914_000000001c29f996,wallet,syn_w_00000000000015e0,2026-07-13T00:31:16.000Z,1,IP_ROTATION,high
syn_evt_00000000e915_000000001c2a1885,wallet,syn_w_00000000000015e0,2026-07-13T00:31:44.000Z,1,IP_ROTATION,high
syn_evt_00000000e916_000000001c2a3774,wallet,syn_w_00000000000015e0,2026-07-13T00:32:12.000Z,1,IP_ROTATION,high
syn_evt_00000000e917_000000001c2a5663,wallet,syn_w_00000000000015e0,2026-07-13T00:32:40.000Z,1,IP_ROTATION,high
syn_evt_00000000e918_000000001c2a7552,wallet,syn_w_00000000000015e0,2026-07-13T00:33:08.000Z,1,IP_ROTATION,high
syn_evt_00000000e919_000000001c2a9441,wallet,syn_w_00000000000015e0,2026-07-13T00:33:36.000Z,1,IP_ROTATION,high
syn_evt_00000000e91a_000000001c2ab330,wallet,syn_w_00000000000015e0,2026-07-13T00:34:04.000Z,1,IP_ROTATION,high
syn_evt_00000000e91b_000000001c2ad21f,wallet,syn_w_00000000000015e0,2026-07-13T00:34:32.000Z,1,IP_ROTATION,high
syn_evt_00000000e91c_000000001c2af10e,wallet,syn_w_00000000000016a8,2026-07-20T00:00:00.000Z,1,IP_ROTATION,high
syn_evt_00000000e91d_000000001c2b0ffd,wallet,syn_w_00000000000016a8,2026-07-20T00:00:28.000Z,1,IP_ROTATION,high
syn_evt_00000000e91e_000000001c2b2eec,wallet,syn_w_00000000000016a8,2026-07-20T00:00:56.000Z,1,IP_ROTATION,high
syn_evt_00000000e91f_000000001c2b4ddb,wallet,syn_w_00000000000016a8,2026-07-20T00:01:24.000Z,1,IP_ROTATION,high
syn_evt_00000000e920_000000001c2b6cca,wallet,syn_w_00000000000016a8,2026-07-20T00:01:52.000Z,1,IP_ROTATION,high
syn_evt_00000000e921_000000001c2b8bb9,wallet,syn_w_00000000000016a8,2026-07-20T00:02:20.000Z,1,IP_ROTATION,high
syn_evt_00000000e922_000000001c2baaa8,wallet,syn_w_00000000000016a8,2026-07-20T00:02:48.000Z,1,IP_ROTATION,high
syn_evt_00000000e923_000000001c2bc997,wallet,syn_w_00000000000016a8,2026-07-20T00:03:16.000Z,1,IP_ROTATION,high
syn_evt_00000000e924_000000001c2be886,wallet,syn_w_00000000000016a8,2026-07-20T00:03:44.000Z,1,IP_ROTATION,high
syn_evt_00000000e925_000000001c2c0775,wallet,syn_w_00000000000016a8,2026-07-20T00:04:12.000Z,1,IP_ROTATION,high
syn_evt_00000000e926_000000001c2c2664,wallet,syn_w_00000000000016a8,2026-07-20T00:04:40.000Z,1,IP_ROTATION,high
syn_evt_00000000e927_000000001c2c4553,wallet,syn_w_00000000000016a8,2026-07-20T00:05:08.000Z,1,IP_ROTATION,high
syn_evt_00000000e928_000000001c2c6442,wallet,syn_w_00000000000016a8,2026-07-20T00:05:36.000Z,1,IP_ROTATION,high
syn_evt_00000000e929_000000001c2c8331,wallet,syn_w_00000000000016a8,2026-07-20T00:06:04.000Z,1,IP_ROTATION,high
syn_evt_00000000e92a_000000001c2ca220,wallet,syn_w_00000000000016a8,2026-07-20T00:06:32.000Z,1,IP_ROTATION,high
syn_evt_00000000e92b_000000001c2cc10f,wallet,syn_w_00000000000016a8,2026-07-20T00:07:00.000Z,1,IP_ROTATION,high
syn_evt_00000000e92c_000000001c2cdffe,wallet,syn_w_00000000000016a8,2026-07-20T00:07:28.000Z,1,IP_ROTATION,high
syn_evt_00000000e92d_000000001c2cfeed,wallet,syn_w_00000000000016a8,2026-07-20T00:07:56.000Z,1,IP_ROTATION,high
syn_evt_00000000e92e_000000001c2d1ddc,wallet,syn_w_00000000000016a8,2026-07-20T00:08:24.000Z,1,IP_ROTATION,high
syn_evt_00000000e92f_000000001c2d3ccb,wallet,syn_w_00000000000016a8,2026-07-20T00:08:52.000Z,1,IP_ROTATION,high
syn_evt_00000000e930_000000001c2d5bba,wallet,syn_w_00000000000016a8,2026-07-20T00:09:20.000Z,1,IP_ROTATION,high
syn_evt_00000000e931_000000001c2d7aa9,wallet,syn_w_00000000000016a8,2026-07-20T00:09:48.000Z,1,IP_ROTATION,high
syn_evt_00000000e932_000000001c2d9998,wallet,syn_w_00000000000016a8,2026-07-20T00:10:16.000Z,1,IP_ROTATION,high
syn_evt_00000000e933_000000001c2db887,wallet,syn_w_00000000000016a8,2026-07-20T00:10:44.000Z,1,IP_ROTATION,high
syn_evt_00000000e934_000000001c2dd776,wallet,syn_w_00000000000016a8,2026-07-20T00:11:12.000Z,1,IP_ROTATION,high
syn_evt_00000000e935_000000001c2df665,wallet,syn_w_00000000000016a8,2026-07-20T00:11:40.000Z,1,IP_ROTATION,high
syn_evt_00000000e936_000000001c2e1554,wallet,syn_w_00000000000016a8,2026-07-20T00:12:08.000Z,1,IP_ROTATION,high
syn_evt_00000000e937_000000001c2e3443,wallet,syn_w_00000000000016a8,2026-07-20T00:12:36.000Z,1,IP_ROTATION,high
syn_evt_00000000e938_000000001c2e5332,wallet,syn_w_00000000000016a8,2026-07-20T00:13:04.000Z,1,IP_ROTATION,high
syn_evt_00000000e939_000000001c2e7221,wallet,syn_w_00000000000016a8,2026-07-20T00:13:32.000Z,1,IP_ROTATION,high
syn_evt_00000000e93a_000000001c2e9110,wallet,syn_w_00000000000016a8,2026-07-20T00:14:00.000Z,1,IP_ROTATION,high
syn_evt_00000000e93b_000000001c2eafff,wallet,syn_w_00000000000016a8,2026-07-20T00:14:28.000Z,1,IP_ROTATION,high
syn_evt_00000000e93c_000000001c2eceee,wallet,syn_w_00000000000016a8,2026-07-20T00:14:56.000Z,1,IP_ROTATION,high
syn_evt_00000000e93d_000000001c2eeddd,wallet,syn_w_00000000000016a8,2026-07-20T00:15:24.000Z,1,IP_ROTATION,high
syn_evt_00000000e93e_000000001c2f0ccc,wallet,syn_w_00000000000016a8,2026-07-20T00:15:52.000Z,1,IP_ROTATION,high
syn_evt_00000000e93f_000000001c2f2bbb,wallet,syn_w_00000000000016a8,2026-07-20T00:16:20.000Z,1,IP_ROTATION,high
syn_evt_00000000e940_000000001c2f4aaa,wallet,syn_w_00000000000016a8,2026-07-20T00:16:48.000Z,1,IP_ROTATION,high
syn_evt_00000000e941_000000001c2f6999,wallet,syn_w_00000000000016a8,2026-07-20T00:17:16.000Z,1,IP_ROTATION,high
syn_evt_00000000e942_000000001c2f8888,wallet,syn_w_00000000000016a8,2026-07-20T00:17:44.000Z,1,IP_ROTATION,high
syn_evt_00000000e943_000000001c2fa777,wallet,syn_w_00000000000016a8,2026-07-20T00:18:12.000Z,1,IP_ROTATION,high
syn_evt_00000000e944_000000001c2fc666,wallet,syn_w_0000000000001770,2026-07-26T00:00:00.000Z,1,IP_ROTATION,high
syn_evt_00000000e945_000000001c2fe555,wallet,syn_w_0000000000001770,2026-07-26T00:00:28.000Z,1,IP_ROTATION,high
syn_evt_00000000e946_000000001c300444,wallet,syn_w_0000000000001770,2026-07-26T00:00:56.000Z,1,IP_ROTATION,high
syn_evt_00000000e947_000000001c302333,wallet,syn_w_0000000000001770,2026-07-26T00:01:24.000Z,1,IP_ROTATION,high
syn_evt_00000000e948_000000001c304222,wallet,syn_w_0000000000001770,2026-07-26T00:01:52.000Z,1,IP_ROTATION,high
syn_evt_00000000e949_000000001c306111,wallet,syn_w_0000000000001770,2026-07-26T00:02:20.000Z,1,IP_ROTATION,high
syn_evt_00000000e94a_000000001c308000,wallet,syn_w_0000000000001770,2026-07-26T00:02:48.000Z,1,IP_ROTATION,high
syn_evt_00000000e94b_000000001c309eef,wallet,syn_w_0000000000001770,2026-07-26T00:03:16.000Z,1,IP_ROTATION,high
syn_evt_00000000e94c_000000001c30bdde,wallet,syn_w_0000000000001770,2026-07-26T00:03:44.000Z,1,IP_ROTATION,high
syn_evt_00000000e94d_000000001c30dccd,wallet,syn_w_0000000000001770,2026-07-26T00:04:12.000Z,1,IP_ROTATION,high
syn_evt_00000000e94e_000000001c30fbbc,wallet,syn_w_0000000000001770,2026-07-26T00:04:40.000Z,1,IP_ROTATION,high
syn_evt_00000000e94f_000000001c311aab,wallet,syn_w_0000000000001770,2026-07-26T00:05:08.000Z,1,IP_ROTATION,high
syn_evt_00000000e950_000000001c31399a,wallet,syn_w_0000000000001770,2026-07-26T00:05:36.000Z,1,IP_ROTATION,high
syn_evt_00000000e951_000000001c315889,wallet,syn_w_0000000000001770,2026-07-26T00:06:04.000Z,1,IP_ROTATION,high
syn_evt_00000000e952_000000001c317778,wallet,syn_w_0000000000001770,2026-07-26T00:06:32.000Z,1,IP_ROTATION,high
syn_evt_00000000e953_000000001c319667,wallet,syn_w_0000000000001770,2026-07-26T00:07:00.000Z,1,IP_ROTATION,high
syn_evt_00000000e954_000000001c31b556,wallet,syn_w_0000000000001770,2026-07-26T00:07:28.000Z,1,IP_ROTATION,high
syn_evt_00000000e955_000000001c31d445,wallet,syn_w_0000000000001770,2026-07-26T00:07:56.000Z,1,IP_ROTATION,high
syn_evt_00000000e956_000000001c31f334,wallet,syn_w_0000000000001770,2026-07-26T00:08:24.000Z,1,IP_ROTATION,high
syn_evt_00000000e957_000000001c321223,wallet,syn_w_0000000000001770,2026-07-26T00:08:52.000Z,1,IP_ROTATION,high
syn_evt_00000000e958_000000001c323112,wallet,syn_w_0000000000001770,2026-07-26T00:09:20.000Z,1,IP_ROTATION,high
syn_evt_00000000e959_000000001c325001,wallet,syn_w_0000000000001770,2026-07-26T00:09:48.000Z,1,IP_ROTATION,high
syn_evt_00000000e95a_000000001c326ef0,wallet,syn_w_0000000000001770,2026-07-26T00:10:16.000Z,1,IP_ROTATION,high
syn_evt_00000000e95b_000000001c328ddf,wallet,syn_w_0000000000001770,2026-07-26T00:10:44.000Z,1,IP_ROTATION,high
syn_evt_00000000e95c_000000001c32acce,wallet,syn_w_0000000000001770,2026-07-26T00:11:12.000Z,1,IP_ROTATION,high
syn_evt_00000000e95d_000000001c32cbbd,wallet,syn_w_0000000000001770,2026-07-26T00:11:40.000Z,1,IP_ROTATION,high
syn_evt_00000000e95e_000000001c32eaac,wallet,syn_w_0000000000001770,2026-07-26T00:12:08.000Z,1,IP_ROTATION,high
syn_evt_00000000e95f_000000001c33099b,wallet,syn_w_0000000000001770,2026-07-26T00:12:36.000Z,1,IP_ROTATION,high
syn_evt_00000000e960_000000001c33288a,wallet,syn_w_0000000000001770,2026-07-26T00:13:04.000Z,1,IP_ROTATION,high
syn_evt_00000000e961_000000001c334779,wallet,syn_w_0000000000001770,2026-07-26T00:13:32.000Z,1,IP_ROTATION,high
syn_evt_00000000e962_000000001c336668,wallet,syn_w_0000000000001770,2026-07-26T00:14:00.000Z,1,IP_ROTATION,high
syn_evt_00000000e963_000000001c338557,wallet,syn_w_0000000000001770,2026-07-26T00:14:28.000Z,1,IP_ROTATION,high
syn_evt_00000000e964_000000001c33a446,wallet,syn_w_0000000000001770,2026-07-26T00:14:56.000Z,1,IP_ROTATION,high
syn_evt_00000000e965_000000001c33c335,wallet,syn_w_0000000000001770,2026-07-26T00:15:24.000Z,1,IP_ROTATION,high
syn_evt_00000000e966_000000001c33e224,wallet,syn_w_0000000000001770,2026-07-26T00:15:52.000Z,1,IP_ROTATION,high
syn_evt_00000000e967_000000001c340113,wallet,syn_w_00000000000018ce,2026-07-05T00:00:00.000Z,1,MIXER_LIKE_CLUSTER,critical
syn_evt_00000000e968_000000001c342002,wallet,syn_w_00000000000018cf,2026-07-05T00:00:19.000Z,1,MIXER_LIKE_CLUSTER,critical
syn_evt_00000000e969_000000001c343ef1,wallet,syn_w_00000000000018d0,2026-07-05T00:00:38.000Z,1,MIXER_LIKE_CLUSTER,critical
syn_evt_00000000e96a_000000001c345de0,wallet,syn_w_00000000000018d1,2026-07-05T00:00:57.000Z,1,MIXER_LIKE_CLUSTER,critical
syn_evt_00000000e96b_000000001c347ccf,wallet,syn_w_00000000000018d2,2026-07-05T00:01:16.000Z,1,MIXER_LIKE_CLUSTER,critical
syn_evt_00000000e96c_000000001c349bbe,wallet,syn_w_00000000000018d3,2026-07-05T00:01:35.000Z,1,MIXER_LIKE_CLUSTER,critical
syn_evt_00000000e96d_000000001c34baad,wallet,syn_w_00000000000018d4,2026-07-05T00:01:54.000Z,1,MIXER_LIKE_CLUSTER,critical
syn_evt_00000000e96e_000000001c34d99c,wallet,syn_w_00000000000018d5,2026-07-05T00:02:13.000Z,1,MIXER_LIKE_CLUSTER,critical
syn_evt_00000000e96f_000000001c34f88b,wallet,syn_w_00000000000018d6,2026-07-05T00:02:32.000Z,1,MIXER_LIKE_CLUSTER,critical
syn_evt_00000000e970_000000001c35177a,wallet,syn_w_00000000000018d7,2026-07-05T00:02:51.000Z,1,MIXER_LIKE_CLUSTER,critical
syn_evt_00000000e971_000000001c353669,wallet,syn_w_00000000000018d8,2026-07-05T00:03:10.000Z,1,MIXER_LIKE_CLUSTER,critical
syn_evt_00000000e972_000000001c355558,wallet,syn_w_00000000000018d9,2026-07-05T00:03:29.000Z,1,MIXER_LIKE_CLUSTER,critical
syn_evt_00000000e973_000000001c357447,wallet,syn_w_00000000000018da,2026-07-05T00:03:48.000Z,1,MIXER_LIKE_CLUSTER,critical
syn_evt_00000000e974_000000001c359336,wallet,syn_w_00000000000018db,2026-07-05T00:04:07.000Z,1,MIXER_LIKE_CLUSTER,critical
syn_evt_00000000e975_000000001c35b225,wallet,syn_w_00000000000018dc,2026-07-05T00:04:26.000Z,1,MIXER_LIKE_CLUSTER,critical
syn_evt_00000000e976_000000001c35d114,wallet,syn_w_00000000000018dd,2026-07-05T00:04:45.000Z,1,MIXER_LIKE_CLUSTER,critical
syn_evt_00000000e977_000000001c35f003,wallet,syn_w_00000000000018de,2026-07-05T00:05:04.000Z,1,MIXER_LIKE_CLUSTER,critical
syn_evt_00000000e978_000000001c360ef2,wallet,syn_w_00000000000018df,2026-07-05T00:05:23.000Z,1,MIXER_LIKE_CLUSTER,critical
syn_evt_00000000e979_000000001c362de1,wallet,syn_w_00000000000018e0,2026-07-05T00:05:42.000Z,1,MIXER_LIKE_CLUSTER,critical
syn_evt_00000000e97a_000000001c364cd0,wallet,syn_w_00000000000018e1,2026-07-05T00:06:01.000Z,1,MIXER_LIKE_CLUSTER,critical
syn_evt_00000000e97b_000000001c366bbf,wallet,syn_w_00000000000018ce,2026-07-05T00:06:20.000Z,1,MIXER_LIKE_CLUSTER,critical
syn_evt_00000000e97c_000000001c368aae,wallet,syn_w_00000000000018cf,2026-07-05T00:06:39.000Z,1,MIXER_LIKE_CLUSTER,critical
syn_evt_00000000e97d_000000001c36a99d,wallet,syn_w_00000000000018d0,2026-07-05T00:06:58.000Z,1,MIXER_LIKE_CLUSTER,critical
syn_evt_00000000e97e_000000001c36c88c,wallet,syn_w_00000000000018d1,2026-07-05T00:07:17.000Z,1,MIXER_LIKE_CLUSTER,critical
syn_evt_00000000e97f_000000001c36e77b,wallet,syn_w_00000000000018d2,2026-07-05T00:07:36.000Z,1,MIXER_LIKE_CLUSTER,critical
syn_evt_00000000e980_000000001c37066a,wallet,syn_w_00000000000018d3,2026-07-05T00:07:55.000Z,1,MIXER_LIKE_CLUSTER,critical
syn_evt_00000000e981_000000001c372559,wallet,syn_w_00000000000018d4,2026-07-05T00:08:14.000Z,1,MIXER_LIKE_CLUSTER,critical
syn_evt_00000000e982_000000001c374448,wallet,syn_w_00000000000018d5,2026-07-05T00:08:33.000Z,1,MIXER_LIKE_CLUSTER,critical
syn_evt_00000000e983_000000001c376337,wallet,syn_w_00000000000018d6,2026-07-05T00:08:52.000Z,1,MIXER_LIKE_CLUSTER,critical
syn_evt_00000000e984_000000001c378226,wallet,syn_w_00000000000018d7,2026-07-05T00:09:11.000Z,1,MIXER_LIKE_CLUSTER,critical
syn_evt_00000000e985_000000001c37a115,wallet,syn_w_00000000000018d8,2026-07-05T00:09:30.000Z,1,MIXER_LIKE_CLUSTER,critical
syn_evt_00000000e986_000000001c37c004,wallet,syn_w_00000000000018d9,2026-07-05T00:09:49.000Z,1,MIXER_LIKE_CLUSTER,critical
syn_evt_00000000e987_000000001c37def3,wallet,syn_w_00000000000018da,2026-07-05T00:10:08.000Z,1,MIXER_LIKE_CLUSTER,critical
syn_evt_00000000e988_000000001c37fde2,wallet,syn_w_00000000000018db,2026-07-05T00:10:27.000Z,1,MIXER_LIKE_CLUSTER,critical
syn_evt_00000000e989_000000001c381cd1,wallet,syn_w_00000000000018dc,2026-07-05T00:10:46.000Z,1,MIXER_LIKE_CLUSTER,critical
syn_evt_00000000e98a_000000001c383bc0,wallet,syn_w_00000000000018dd,2026-07-05T00:11:05.000Z,1,MIXER_LIKE_CLUSTER,critical
syn_evt_00000000e98b_000000001c385aaf,wallet,syn_w_00000000000018de,2026-07-05T00:11:24.000Z,1,MIXER_LIKE_CLUSTER,critical
syn_evt_00000000e98c_000000001c38799e,wallet,syn_w_00000000000018df,2026-07-05T00:11:43.000Z,1,MIXER_LIKE_CLUSTER,critical
syn_evt_00000000e98d_000000001c38988d,wallet,syn_w_00000000000018e0,2026-07-05T00:12:02.000Z,1,MIXER_LIKE_CLUSTER,critical
syn_evt_00000000e98e_000000001c38b77c,wallet,syn_w_00000000000018e1,2026-07-05T00:12:21.000Z,1,MIXER_LIKE_CLUSTER,critical
syn_evt_00000000e98f_000000001c38d66b,wallet,syn_w_00000000000018ce,2026-07-05T00:12:40.000Z,1,MIXER_LIKE_CLUSTER,critical
syn_evt_00000000e990_000000001c38f55a,wallet,syn_w_00000000000018cf,2026-07-05T00:12:59.000Z,1,MIXER_LIKE_CLUSTER,critical
syn_evt_00000000e991_000000001c391449,wallet,syn_w_00000000000018d0,2026-07-05T00:13:18.000Z,1,MIXER_LIKE_CLUSTER,critical
syn_evt_00000000e992_000000001c393338,wallet,syn_w_00000000000018d1,2026-07-05T00:13:37.000Z,1,MIXER_LIKE_CLUSTER,critical
syn_evt_00000000e993_000000001c395227,wallet,syn_w_00000000000018d2,2026-07-05T00:13:56.000Z,1,MIXER_LIKE_CLUSTER,critical
syn_evt_00000000e994_000000001c397116,wallet,syn_w_00000000000018d3,2026-07-05T00:14:15.000Z,1,MIXER_LIKE_CLUSTER,critical
syn_evt_00000000e995_000000001c399005,wallet,syn_w_00000000000018d4,2026-07-05T00:14:34.000Z,1,MIXER_LIKE_CLUSTER,critical
syn_evt_00000000e996_000000001c39aef4,wallet,syn_w_00000000000018d5,2026-07-05T00:14:53.000Z,1,MIXER_LIKE_CLUSTER,critical
syn_evt_00000000e997_000000001c39cde3,wallet,syn_w_00000000000018d6,2026-07-05T00:15:12.000Z,1,MIXER_LIKE_CLUSTER,critical
syn_evt_00000000e998_000000001c39ecd2,wallet,syn_w_00000000000018d7,2026-07-05T00:15:31.000Z,1,MIXER_LIKE_CLUSTER,critical
syn_evt_00000000e999_000000001c3a0bc1,wallet,syn_w_00000000000018d8,2026-07-05T00:15:50.000Z,1,MIXER_LIKE_CLUSTER,critical
syn_evt_00000000e99a_000000001c3a2ab0,wallet,syn_w_00000000000018d9,2026-07-05T00:16:09.000Z,1,MIXER_LIKE_CLUSTER,critical
syn_evt_00000000e99b_000000001c3a499f,wallet,syn_w_00000000000018da,2026-07-05T00:16:28.000Z,1,MIXER_LIKE_CLUSTER,critical
syn_evt_00000000e99c_000000001c3a688e,wallet,syn_w_00000000000018db,2026-07-05T00:16:47.000Z,1,MIXER_LIKE_CLUSTER,critical
syn_evt_00000000e99d_000000001c3a877d,wallet,syn_w_00000000000018dc,2026-07-05T00:17:06.000Z,1,MIXER_LIKE_CLUSTER,critical
syn_evt_00000000e99e_000000001c3aa66c,wallet,syn_w_00000000000018dd,2026-07-05T00:17:25.000Z,1,MIXER_LIKE_CLUSTER,critical
syn_evt_00000000e99f_000000001c3ac55b,wallet,syn_w_00000000000018de,2026-07-05T00:17:44.000Z,1,MIXER_LIKE_CLUSTER,critical
syn_evt_00000000e9a0_000000001c3ae44a,wallet,syn_w_00000000000018df,2026-07-05T00:18:03.000Z,1,MIXER_LIKE_CLUSTER,critical
syn_evt_00000000e9a1_000000001c3b0339,wallet,syn_w_00000000000018e0,2026-07-05T00:18:22.000Z,1,MIXER_LIKE_CLUSTER,critical
syn_evt_00000000e9a2_000000001c3b2228,wallet,syn_w_00000000000018e1,2026-07-05T00:18:41.000Z,1,MIXER_LIKE_CLUSTER,critical
syn_evt_00000000e9a3_000000001c3b4117,wallet,syn_w_00000000000018ce,2026-07-05T00:19:00.000Z,1,MIXER_LIKE_CLUSTER,critical
syn_evt_00000000e9a4_000000001c3b6006,wallet,syn_w_00000000000018cf,2026-07-05T00:19:19.000Z,1,MIXER_LIKE_CLUSTER,critical
syn_evt_00000000e9a5_000000001c3b7ef5,wallet,syn_w_00000000000018d0,2026-07-05T00:19:38.000Z,1,MIXER_LIKE_CLUSTER,critical
syn_evt_00000000e9a6_000000001c3b9de4,wallet,syn_w_00000000000018d1,2026-07-05T00:19:57.000Z,1,MIXER_LIKE_CLUSTER,critical
syn_evt_00000000e9a7_000000001c3bbcd3,wallet,syn_w_00000000000018d2,2026-07-05T00:20:16.000Z,1,MIXER_LIKE_CLUSTER,critical
syn_evt_00000000e9a8_000000001c3bdbc2,wallet,syn_w_00000000000018d3,2026-07-05T00:20:35.000Z,1,MIXER_LIKE_CLUSTER,critical
syn_evt_00000000e9a9_000000001c3bfab1,wallet,syn_w_00000000000018d4,2026-07-05T00:20:54.000Z,1,MIXER_LIKE_CLUSTER,critical
syn_evt_00000000e9aa_000000001c3c19a0,wallet,syn_w_00000000000018d5,2026-07-05T00:21:13.000Z,1,MIXER_LIKE_CLUSTER,critical
syn_evt_00000000e9ab_000000001c3c388f,wallet,syn_w_00000000000018d6,2026-07-05T00:21:32.000Z,1,MIXER_LIKE_CLUSTER,critical
syn_evt_00000000e9ac_000000001c3c577e,wallet,syn_w_00000000000018d7,2026-07-05T00:21:51.000Z,1,MIXER_LIKE_CLUSTER,critical
syn_evt_00000000e9ad_000000001c3c766d,wallet,syn_w_00000000000018d8,2026-07-05T00:22:10.000Z,1,MIXER_LIKE_CLUSTER,critical
syn_evt_00000000e9ae_000000001c3c955c,wallet,syn_w_00000000000018d9,2026-07-05T00:22:29.000Z,1,MIXER_LIKE_CLUSTER,critical
syn_evt_00000000e9af_000000001c3cb44b,wallet,syn_w_00000000000018da,2026-07-05T00:22:48.000Z,1,MIXER_LIKE_CLUSTER,critical
syn_evt_00000000e9b0_000000001c3cd33a,wallet,syn_w_00000000000018db,2026-07-05T00:23:07.000Z,1,MIXER_LIKE_CLUSTER,critical
syn_evt_00000000e9b1_000000001c3cf229,wallet,syn_w_00000000000018dc,2026-07-05T00:23:26.000Z,1,MIXER_LIKE_CLUSTER,critical
syn_evt_00000000e9b2_000000001c3d1118,wallet,syn_w_00000000000018dd,2026-07-05T00:23:45.000Z,1,MIXER_LIKE_CLUSTER,critical
syn_evt_00000000e9b3_000000001c3d3007,wallet,syn_w_00000000000018de,2026-07-05T00:24:04.000Z,1,MIXER_LIKE_CLUSTER,critical
syn_evt_00000000e9b4_000000001c3d4ef6,wallet,syn_w_00000000000018df,2026-07-05T00:24:23.000Z,1,MIXER_LIKE_CLUSTER,critical
syn_evt_00000000e9b5_000000001c3d6de5,wallet,syn_w_00000000000018e0,2026-07-05T00:24:42.000Z,1,MIXER_LIKE_CLUSTER,critical
syn_evt_00000000e9b6_000000001c3d8cd4,wallet,syn_w_00000000000018e1,2026-07-05T00:25:01.000Z,1,MIXER_LIKE_CLUSTER,critical
syn_evt_00000000e9b7_000000001c3dabc3,wallet,syn_w_00000000000018ce,2026-07-05T00:25:20.000Z,1,MIXER_LIKE_CLUSTER,critical
syn_evt_00000000e9b8_000000001c3dcab2,wallet,syn_w_00000000000018cf,2026-07-05T00:25:39.000Z,1,MIXER_LIKE_CLUSTER,critical
syn_evt_00000000e9b9_000000001c3de9a1,wallet,syn_w_00000000000018d0,2026-07-05T00:25:58.000Z,1,MIXER_LIKE_CLUSTER,critical
syn_evt_00000000e9ba_000000001c3e0890,wallet,syn_w_00000000000018d1,2026-07-05T00:26:17.000Z,1,MIXER_LIKE_CLUSTER,critical
syn_evt_00000000e9bb_000000001c3e277f,wallet,syn_w_00000000000018d2,2026-07-05T00:26:36.000Z,1,MIXER_LIKE_CLUSTER,critical
syn_evt_00000000e9bc_000000001c3e466e,wallet,syn_w_00000000000018d3,2026-07-05T00:26:55.000Z,1,MIXER_LIKE_CLUSTER,critical
syn_evt_00000000e9bd_000000001c3e655d,wallet,syn_w_00000000000018d4,2026-07-05T00:27:14.000Z,1,MIXER_LIKE_CLUSTER,critical
syn_evt_00000000e9be_000000001c3e844c,wallet,syn_w_00000000000018d5,2026-07-05T00:27:33.000Z,1,MIXER_LIKE_CLUSTER,critical
syn_evt_00000000e9bf_000000001c3ea33b,wallet,syn_w_00000000000018d6,2026-07-05T00:27:52.000Z,1,MIXER_LIKE_CLUSTER,critical
syn_evt_00000000e9c0_000000001c3ec22a,wallet,syn_w_00000000000018d7,2026-07-05T00:28:11.000Z,1,MIXER_LIKE_CLUSTER,critical
syn_evt_00000000e9c1_000000001c3ee119,wallet,syn_w_00000000000018d8,2026-07-05T00:28:30.000Z,1,MIXER_LIKE_CLUSTER,critical
syn_evt_00000000e9c2_000000001c3f0008,wallet,syn_w_00000000000018d9,2026-07-05T00:28:49.000Z,1,MIXER_LIKE_CLUSTER,critical
syn_evt_00000000e9c3_000000001c3f1ef7,wallet,syn_w_00000000000018da,2026-07-05T00:29:08.000Z,1,MIXER_LIKE_CLUSTER,critical
syn_evt_00000000e9c4_000000001c3f3de6,wallet,syn_w_00000000000018db,2026-07-05T00:29:27.000Z,1,MIXER_LIKE_CLUSTER,critical
syn_evt_00000000e9c5_000000001c3f5cd5,wallet,syn_w_00000000000018dc,2026-07-05T00:29:46.000Z,1,MIXER_LIKE_CLUSTER,critical
syn_evt_00000000e9c6_000000001c3f7bc4,wallet,syn_w_00000000000018dd,2026-07-05T00:30:05.000Z,1,MIXER_LIKE_CLUSTER,critical
syn_evt_00000000e9c7_000000001c3f9ab3,wallet,syn_w_00000000000018de,2026-07-05T00:30:24.000Z,1,MIXER_LIKE_CLUSTER,critical
syn_evt_00000000e9c8_000000001c3fb9a2,wallet,syn_w_00000000000018df,2026-07-05T00:30:43.000Z,1,MIXER_LIKE_CLUSTER,critical
syn_evt_00000000e9c9_000000001c3fd891,wallet,syn_w_00000000000018e0,2026-07-05T00:31:02.000Z,1,MIXER_LIKE_CLUSTER,critical
syn_evt_00000000e9ca_000000001c3ff780,wallet,syn_w_00000000000018e1,2026-07-05T00:31:21.000Z,1,MIXER_LIKE_CLUSTER,critical
syn_evt_00000000e9cb_000000001c40166f,wallet,syn_w_0000000000001996,2026-07-13T00:00:00.000Z,1,MIXER_LIKE_CLUSTER,critical
syn_evt_00000000e9cc_000000001c40355e,wallet,syn_w_0000000000001997,2026-07-13T00:00:19.000Z,1,MIXER_LIKE_CLUSTER,critical
syn_evt_00000000e9cd_000000001c40544d,wallet,syn_w_0000000000001998,2026-07-13T00:00:38.000Z,1,MIXER_LIKE_CLUSTER,critical
syn_evt_00000000e9ce_000000001c40733c,wallet,syn_w_0000000000001999,2026-07-13T00:00:57.000Z,1,MIXER_LIKE_CLUSTER,critical
syn_evt_00000000e9cf_000000001c40922b,wallet,syn_w_000000000000199a,2026-07-13T00:01:16.000Z,1,MIXER_LIKE_CLUSTER,critical
syn_evt_00000000e9d0_000000001c40b11a,wallet,syn_w_000000000000199b,2026-07-13T00:01:35.000Z,1,MIXER_LIKE_CLUSTER,critical
syn_evt_00000000e9d1_000000001c40d009,wallet,syn_w_000000000000199c,2026-07-13T00:01:54.000Z,1,MIXER_LIKE_CLUSTER,critical
syn_evt_00000000e9d2_000000001c40eef8,wallet,syn_w_000000000000199d,2026-07-13T00:02:13.000Z,1,MIXER_LIKE_CLUSTER,critical
syn_evt_00000000e9d3_000000001c410de7,wallet,syn_w_000000000000199e,2026-07-13T00:02:32.000Z,1,MIXER_LIKE_CLUSTER,critical
syn_evt_00000000e9d4_000000001c412cd6,wallet,syn_w_000000000000199f,2026-07-13T00:02:51.000Z,1,MIXER_LIKE_CLUSTER,critical
syn_evt_00000000e9d5_000000001c414bc5,wallet,syn_w_00000000000019a0,2026-07-13T00:03:10.000Z,1,MIXER_LIKE_CLUSTER,critical
syn_evt_00000000e9d6_000000001c416ab4,wallet,syn_w_00000000000019a1,2026-07-13T00:03:29.000Z,1,MIXER_LIKE_CLUSTER,critical
syn_evt_00000000e9d7_000000001c4189a3,wallet,syn_w_00000000000019a2,2026-07-13T00:03:48.000Z,1,MIXER_LIKE_CLUSTER,critical
syn_evt_00000000e9d8_000000001c41a892,wallet,syn_w_00000000000019a3,2026-07-13T00:04:07.000Z,1,MIXER_LIKE_CLUSTER,critical
syn_evt_00000000e9d9_000000001c41c781,wallet,syn_w_00000000000019a4,2026-07-13T00:04:26.000Z,1,MIXER_LIKE_CLUSTER,critical
syn_evt_00000000e9da_000000001c41e670,wallet,syn_w_00000000000019a5,2026-07-13T00:04:45.000Z,1,MIXER_LIKE_CLUSTER,critical
syn_evt_00000000e9db_000000001c42055f,wallet,syn_w_00000000000019a6,2026-07-13T00:05:04.000Z,1,MIXER_LIKE_CLUSTER,critical
syn_evt_00000000e9dc_000000001c42244e,wallet,syn_w_00000000000019a7,2026-07-13T00:05:23.000Z,1,MIXER_LIKE_CLUSTER,critical
syn_evt_00000000e9dd_000000001c42433d,wallet,syn_w_00000000000019a8,2026-07-13T00:05:42.000Z,1,MIXER_LIKE_CLUSTER,critical
syn_evt_00000000e9de_000000001c42622c,wallet,syn_w_00000000000019a9,2026-07-13T00:06:01.000Z,1,MIXER_LIKE_CLUSTER,critical
syn_evt_00000000e9df_000000001c42811b,wallet,syn_w_0000000000001996,2026-07-13T00:06:20.000Z,1,MIXER_LIKE_CLUSTER,critical
syn_evt_00000000e9e0_000000001c42a00a,wallet,syn_w_0000000000001997,2026-07-13T00:06:39.000Z,1,MIXER_LIKE_CLUSTER,critical
syn_evt_00000000e9e1_000000001c42bef9,wallet,syn_w_0000000000001998,2026-07-13T00:06:58.000Z,1,MIXER_LIKE_CLUSTER,critical
syn_evt_00000000e9e2_000000001c42dde8,wallet,syn_w_0000000000001999,2026-07-13T00:07:17.000Z,1,MIXER_LIKE_CLUSTER,critical
syn_evt_00000000e9e3_000000001c42fcd7,wallet,syn_w_000000000000199a,2026-07-13T00:07:36.000Z,1,MIXER_LIKE_CLUSTER,critical
syn_evt_00000000e9e4_000000001c431bc6,wallet,syn_w_000000000000199b,2026-07-13T00:07:55.000Z,1,MIXER_LIKE_CLUSTER,critical
syn_evt_00000000e9e5_000000001c433ab5,wallet,syn_w_000000000000199c,2026-07-13T00:08:14.000Z,1,MIXER_LIKE_CLUSTER,critical
syn_evt_00000000e9e6_000000001c4359a4,wallet,syn_w_000000000000199d,2026-07-13T00:08:33.000Z,1,MIXER_LIKE_CLUSTER,critical
syn_evt_00000000e9e7_000000001c437893,wallet,syn_w_000000000000199e,2026-07-13T00:08:52.000Z,1,MIXER_LIKE_CLUSTER,critical
syn_evt_00000000e9e8_000000001c439782,wallet,syn_w_000000000000199f,2026-07-13T00:09:11.000Z,1,MIXER_LIKE_CLUSTER,critical
syn_evt_00000000e9e9_000000001c43b671,wallet,syn_w_00000000000019a0,2026-07-13T00:09:30.000Z,1,MIXER_LIKE_CLUSTER,critical
syn_evt_00000000e9ea_000000001c43d560,wallet,syn_w_00000000000019a1,2026-07-13T00:09:49.000Z,1,MIXER_LIKE_CLUSTER,critical
syn_evt_00000000e9eb_000000001c43f44f,wallet,syn_w_00000000000019a2,2026-07-13T00:10:08.000Z,1,MIXER_LIKE_CLUSTER,critical
syn_evt_00000000e9ec_000000001c44133e,wallet,syn_w_00000000000019a3,2026-07-13T00:10:27.000Z,1,MIXER_LIKE_CLUSTER,critical
syn_evt_00000000e9ed_000000001c44322d,wallet,syn_w_00000000000019a4,2026-07-13T00:10:46.000Z,1,MIXER_LIKE_CLUSTER,critical
syn_evt_00000000e9ee_000000001c44511c,wallet,syn_w_00000000000019a5,2026-07-13T00:11:05.000Z,1,MIXER_LIKE_CLUSTER,critical
syn_evt_00000000e9ef_000000001c44700b,wallet,syn_w_00000000000019a6,2026-07-13T00:11:24.000Z,1,MIXER_LIKE_CLUSTER,critical
syn_evt_00000000e9f0_000000001c448efa,wallet,syn_w_00000000000019a7,2026-07-13T00:11:43.000Z,1,MIXER_LIKE_CLUSTER,critical
syn_evt_00000000e9f1_000000001c44ade9,wallet,syn_w_00000000000019a8,2026-07-13T00:12:02.000Z,1,MIXER_LIKE_CLUSTER,critical
syn_evt_00000000e9f2_000000001c44ccd8,wallet,syn_w_00000000000019a9,2026-07-13T00:12:21.000Z,1,MIXER_LIKE_CLUSTER,critical
syn_evt_00000000e9f3_000000001c44ebc7,wallet,syn_w_0000000000001996,2026-07-13T00:12:40.000Z,1,MIXER_LIKE_CLUSTER,critical
syn_evt_00000000e9f4_000000001c450ab6,wallet,syn_w_0000000000001997,2026-07-13T00:12:59.000Z,1,MIXER_LIKE_CLUSTER,critical
syn_evt_00000000e9f5_000000001c4529a5,wallet,syn_w_0000000000001998,2026-07-13T00:13:18.000Z,1,MIXER_LIKE_CLUSTER,critical
syn_evt_00000000e9f6_000000001c454894,wallet,syn_w_0000000000001999,2026-07-13T00:13:37.000Z,1,MIXER_LIKE_CLUSTER,critical
syn_evt_00000000e9f7_000000001c456783,wallet,syn_w_000000000000199a,2026-07-13T00:13:56.000Z,1,MIXER_LIKE_CLUSTER,critical
syn_evt_00000000e9f8_000000001c458672,wallet,syn_w_000000000000199b,2026-07-13T00:14:15.000Z,1,MIXER_LIKE_CLUSTER,critical
syn_evt_00000000e9f9_000000001c45a561,wallet,syn_w_000000000000199c,2026-07-13T00:14:34.000Z,1,MIXER_LIKE_CLUSTER,critical
syn_evt_00000000e9fa_000000001c45c450,wallet,syn_w_000000000000199d,2026-07-13T00:14:53.000Z,1,MIXER_LIKE_CLUSTER,critical
syn_evt_00000000e9fb_000000001c45e33f,wallet,syn_w_000000000000199e,2026-07-13T00:15:12.000Z,1,MIXER_LIKE_CLUSTER,critical
syn_evt_00000000e9fc_000000001c46022e,wallet,syn_w_000000000000199f,2026-07-13T00:15:31.000Z,1,MIXER_LIKE_CLUSTER,critical
syn_evt_00000000e9fd_000000001c46211d,wallet,syn_w_00000000000019a0,2026-07-13T00:15:50.000Z,1,MIXER_LIKE_CLUSTER,critical
syn_evt_00000000e9fe_000000001c46400c,wallet,syn_w_00000000000019a1,2026-07-13T00:16:09.000Z,1,MIXER_LIKE_CLUSTER,critical
syn_evt_00000000e9ff_000000001c465efb,wallet,syn_w_00000000000019a2,2026-07-13T00:16:28.000Z,1,MIXER_LIKE_CLUSTER,critical
syn_evt_00000000ea00_000000001c467dea,wallet,syn_w_00000000000019a3,2026-07-13T00:16:47.000Z,1,MIXER_LIKE_CLUSTER,critical
syn_evt_00000000ea01_000000001c469cd9,wallet,syn_w_00000000000019a4,2026-07-13T00:17:06.000Z,1,MIXER_LIKE_CLUSTER,critical
syn_evt_00000000ea02_000000001c46bbc8,wallet,syn_w_00000000000019a5,2026-07-13T00:17:25.000Z,1,MIXER_LIKE_CLUSTER,critical
syn_evt_00000000ea03_000000001c46dab7,wallet,syn_w_00000000000019a6,2026-07-13T00:17:44.000Z,1,MIXER_LIKE_CLUSTER,critical
syn_evt_00000000ea04_000000001c46f9a6,wallet,syn_w_00000000000019a7,2026-07-13T00:18:03.000Z,1,MIXER_LIKE_CLUSTER,critical
syn_evt_00000000ea05_000000001c471895,wallet,syn_w_00000000000019a8,2026-07-13T00:18:22.000Z,1,MIXER_LIKE_CLUSTER,critical
syn_evt_00000000ea06_000000001c473784,wallet,syn_w_00000000000019a9,2026-07-13T00:18:41.000Z,1,MIXER_LIKE_CLUSTER,critical
syn_evt_00000000ea07_000000001c475673,wallet,syn_w_0000000000001996,2026-07-13T00:19:00.000Z,1,MIXER_LIKE_CLUSTER,critical
syn_evt_00000000ea08_000000001c477562,wallet,syn_w_0000000000001997,2026-07-13T00:19:19.000Z,1,MIXER_LIKE_CLUSTER,critical
syn_evt_00000000ea09_000000001c479451,wallet,syn_w_0000000000001998,2026-07-13T00:19:38.000Z,1,MIXER_LIKE_CLUSTER,critical
syn_evt_00000000ea0a_000000001c47b340,wallet,syn_w_0000000000001999,2026-07-13T00:19:57.000Z,1,MIXER_LIKE_CLUSTER,critical
syn_evt_00000000ea0b_000000001c47d22f,wallet,syn_w_000000000000199a,2026-07-13T00:20:16.000Z,1,MIXER_LIKE_CLUSTER,critical
syn_evt_00000000ea0c_000000001c47f11e,wallet,syn_w_000000000000199b,2026-07-13T00:20:35.000Z,1,MIXER_LIKE_CLUSTER,critical
syn_evt_00000000ea0d_000000001c48100d,wallet,syn_w_000000000000199c,2026-07-13T00:20:54.000Z,1,MIXER_LIKE_CLUSTER,critical
syn_evt_00000000ea0e_000000001c482efc,wallet,syn_w_000000000000199d,2026-07-13T00:21:13.000Z,1,MIXER_LIKE_CLUSTER,critical
syn_evt_00000000ea0f_000000001c484deb,wallet,syn_w_000000000000199e,2026-07-13T00:21:32.000Z,1,MIXER_LIKE_CLUSTER,critical
syn_evt_00000000ea10_000000001c486cda,wallet,syn_w_000000000000199f,2026-07-13T00:21:51.000Z,1,MIXER_LIKE_CLUSTER,critical
syn_evt_00000000ea11_000000001c488bc9,wallet,syn_w_00000000000019a0,2026-07-13T00:22:10.000Z,1,MIXER_LIKE_CLUSTER,critical
syn_evt_00000000ea12_000000001c48aab8,wallet,syn_w_00000000000019a1,2026-07-13T00:22:29.000Z,1,MIXER_LIKE_CLUSTER,critical
syn_evt_00000000ea13_000000001c48c9a7,wallet,syn_w_00000000000019a2,2026-07-13T00:22:48.000Z,1,MIXER_LIKE_CLUSTER,critical
syn_evt_00000000ea14_000000001c48e896,wallet,syn_w_00000000000019a3,2026-07-13T00:23:07.000Z,1,MIXER_LIKE_CLUSTER,critical
syn_evt_00000000ea15_000000001c490785,wallet,syn_w_00000000000019a4,2026-07-13T00:23:26.000Z,1,MIXER_LIKE_CLUSTER,critical
syn_evt_00000000ea16_000000001c492674,wallet,syn_w_0000000000001a5e,2026-07-20T00:00:00.000Z,1,MIXER_LIKE_CLUSTER,critical
syn_evt_00000000ea17_000000001c494563,wallet,syn_w_0000000000001a5f,2026-07-20T00:00:19.000Z,1,MIXER_LIKE_CLUSTER,critical
syn_evt_00000000ea18_000000001c496452,wallet,syn_w_0000000000001a60,2026-07-20T00:00:38.000Z,1,MIXER_LIKE_CLUSTER,critical
syn_evt_00000000ea19_000000001c498341,wallet,syn_w_0000000000001a61,2026-07-20T00:00:57.000Z,1,MIXER_LIKE_CLUSTER,critical
syn_evt_00000000ea1a_000000001c49a230,wallet,syn_w_0000000000001a62,2026-07-20T00:01:16.000Z,1,MIXER_LIKE_CLUSTER,critical
syn_evt_00000000ea1b_000000001c49c11f,wallet,syn_w_0000000000001a63,2026-07-20T00:01:35.000Z,1,MIXER_LIKE_CLUSTER,critical
syn_evt_00000000ea1c_000000001c49e00e,wallet,syn_w_0000000000001a64,2026-07-20T00:01:54.000Z,1,MIXER_LIKE_CLUSTER,critical
syn_evt_00000000ea1d_000000001c49fefd,wallet,syn_w_0000000000001a65,2026-07-20T00:02:13.000Z,1,MIXER_LIKE_CLUSTER,critical
syn_evt_00000000ea1e_000000001c4a1dec,wallet,syn_w_0000000000001a66,2026-07-20T00:02:32.000Z,1,MIXER_LIKE_CLUSTER,critical
syn_evt_00000000ea1f_000000001c4a3cdb,wallet,syn_w_0000000000001a67,2026-07-20T00:02:51.000Z,1,MIXER_LIKE_CLUSTER,critical
syn_evt_00000000ea20_000000001c4a5bca,wallet,syn_w_0000000000001a68,2026-07-20T00:03:10.000Z,1,MIXER_LIKE_CLUSTER,critical
syn_evt_00000000ea21_000000001c4a7ab9,wallet,syn_w_0000000000001a69,2026-07-20T00:03:29.000Z,1,MIXER_LIKE_CLUSTER,critical
syn_evt_00000000ea22_000000001c4a99a8,wallet,syn_w_0000000000001a6a,2026-07-20T00:03:48.000Z,1,MIXER_LIKE_CLUSTER,critical
syn_evt_00000000ea23_000000001c4ab897,wallet,syn_w_0000000000001a6b,2026-07-20T00:04:07.000Z,1,MIXER_LIKE_CLUSTER,critical
syn_evt_00000000ea24_000000001c4ad786,wallet,syn_w_0000000000001a6c,2026-07-20T00:04:26.000Z,1,MIXER_LIKE_CLUSTER,critical
syn_evt_00000000ea25_000000001c4af675,wallet,syn_w_0000000000001a6d,2026-07-20T00:04:45.000Z,1,MIXER_LIKE_CLUSTER,critical
syn_evt_00000000ea26_000000001c4b1564,wallet,syn_w_0000000000001a6e,2026-07-20T00:05:04.000Z,1,MIXER_LIKE_CLUSTER,critical
syn_evt_00000000ea27_000000001c4b3453,wallet,syn_w_0000000000001a6f,2026-07-20T00:05:23.000Z,1,MIXER_LIKE_CLUSTER,critical
syn_evt_00000000ea28_000000001c4b5342,wallet,syn_w_0000000000001a70,2026-07-20T00:05:42.000Z,1,MIXER_LIKE_CLUSTER,critical
syn_evt_00000000ea29_000000001c4b7231,wallet,syn_w_0000000000001a71,2026-07-20T00:06:01.000Z,1,MIXER_LIKE_CLUSTER,critical
syn_evt_00000000ea2a_000000001c4b9120,wallet,syn_w_0000000000001a5e,2026-07-20T00:06:20.000Z,1,MIXER_LIKE_CLUSTER,critical
syn_evt_00000000ea2b_000000001c4bb00f,wallet,syn_w_0000000000001a5f,2026-07-20T00:06:39.000Z,1,MIXER_LIKE_CLUSTER,critical
syn_evt_00000000ea2c_000000001c4bcefe,wallet,syn_w_0000000000001a60,2026-07-20T00:06:58.000Z,1,MIXER_LIKE_CLUSTER,critical
syn_evt_00000000ea2d_000000001c4beded,wallet,syn_w_0000000000001a61,2026-07-20T00:07:17.000Z,1,MIXER_LIKE_CLUSTER,critical
syn_evt_00000000ea2e_000000001c4c0cdc,wallet,syn_w_0000000000001a62,2026-07-20T00:07:36.000Z,1,MIXER_LIKE_CLUSTER,critical
syn_evt_00000000ea2f_000000001c4c2bcb,wallet,syn_w_0000000000001a63,2026-07-20T00:07:55.000Z,1,MIXER_LIKE_CLUSTER,critical
syn_evt_00000000ea30_000000001c4c4aba,wallet,syn_w_0000000000001a64,2026-07-20T00:08:14.000Z,1,MIXER_LIKE_CLUSTER,critical
syn_evt_00000000ea31_000000001c4c69a9,wallet,syn_w_0000000000001a65,2026-07-20T00:08:33.000Z,1,MIXER_LIKE_CLUSTER,critical
syn_evt_00000000ea32_000000001c4c8898,wallet,syn_w_0000000000001a66,2026-07-20T00:08:52.000Z,1,MIXER_LIKE_CLUSTER,critical
syn_evt_00000000ea33_000000001c4ca787,wallet,syn_w_0000000000001a67,2026-07-20T00:09:11.000Z,1,MIXER_LIKE_CLUSTER,critical
syn_evt_00000000ea34_000000001c4cc676,wallet,syn_w_0000000000001a68,2026-07-20T00:09:30.000Z,1,MIXER_LIKE_CLUSTER,critical
syn_evt_00000000ea35_000000001c4ce565,wallet,syn_w_0000000000001a69,2026-07-20T00:09:49.000Z,1,MIXER_LIKE_CLUSTER,critical
syn_evt_00000000ea36_000000001c4d0454,wallet,syn_w_0000000000001a6a,2026-07-20T00:10:08.000Z,1,MIXER_LIKE_CLUSTER,critical
syn_evt_00000000ea37_000000001c4d2343,wallet,syn_w_0000000000001a6b,2026-07-20T00:10:27.000Z,1,MIXER_LIKE_CLUSTER,critical
syn_evt_00000000ea38_000000001c4d4232,wallet,syn_w_0000000000001a6c,2026-07-20T00:10:46.000Z,1,MIXER_LIKE_CLUSTER,critical
syn_evt_00000000ea39_000000001c4d6121,wallet,syn_w_0000000000001a6d,2026-07-20T00:11:05.000Z,1,MIXER_LIKE_CLUSTER,critical
syn_evt_00000000ea3a_000000001c4d8010,wallet,syn_w_0000000000001a6e,2026-07-20T00:11:24.000Z,1,MIXER_LIKE_CLUSTER,critical
syn_evt_00000000ea3b_000000001c4d9eff,wallet,syn_w_0000000000001a6f,2026-07-20T00:11:43.000Z,1,MIXER_LIKE_CLUSTER,critical
syn_evt_00000000ea3c_000000001c4dbdee,wallet,syn_w_0000000000001a70,2026-07-20T00:12:02.000Z,1,MIXER_LIKE_CLUSTER,critical
syn_evt_00000000ea3d_000000001c4ddcdd,wallet,syn_w_0000000000001a71,2026-07-20T00:12:21.000Z,1,MIXER_LIKE_CLUSTER,critical
syn_evt_00000000ea3e_000000001c4dfbcc,wallet,syn_w_0000000000001b26,2026-07-26T00:00:00.000Z,1,MIXER_LIKE_CLUSTER,critical
syn_evt_00000000ea3f_000000001c4e1abb,wallet,syn_w_0000000000001b27,2026-07-26T00:00:19.000Z,1,MIXER_LIKE_CLUSTER,critical
syn_evt_00000000ea40_000000001c4e39aa,wallet,syn_w_0000000000001b28,2026-07-26T00:00:38.000Z,1,MIXER_LIKE_CLUSTER,critical
syn_evt_00000000ea41_000000001c4e5899,wallet,syn_w_0000000000001b29,2026-07-26T00:00:57.000Z,1,MIXER_LIKE_CLUSTER,critical
syn_evt_00000000ea42_000000001c4e7788,wallet,syn_w_0000000000001b2a,2026-07-26T00:01:16.000Z,1,MIXER_LIKE_CLUSTER,critical
syn_evt_00000000ea43_000000001c4e9677,wallet,syn_w_0000000000001b2b,2026-07-26T00:01:35.000Z,1,MIXER_LIKE_CLUSTER,critical
syn_evt_00000000ea44_000000001c4eb566,wallet,syn_w_0000000000001b2c,2026-07-26T00:01:54.000Z,1,MIXER_LIKE_CLUSTER,critical
syn_evt_00000000ea45_000000001c4ed455,wallet,syn_w_0000000000001b2d,2026-07-26T00:02:13.000Z,1,MIXER_LIKE_CLUSTER,critical
syn_evt_00000000ea46_000000001c4ef344,wallet,syn_w_0000000000001b2e,2026-07-26T00:02:32.000Z,1,MIXER_LIKE_CLUSTER,critical
syn_evt_00000000ea47_000000001c4f1233,wallet,syn_w_0000000000001b2f,2026-07-26T00:02:51.000Z,1,MIXER_LIKE_CLUSTER,critical
syn_evt_00000000ea48_000000001c4f3122,wallet,syn_w_0000000000001b30,2026-07-26T00:03:10.000Z,1,MIXER_LIKE_CLUSTER,critical
syn_evt_00000000ea49_000000001c4f5011,wallet,syn_w_0000000000001b31,2026-07-26T00:03:29.000Z,1,MIXER_LIKE_CLUSTER,critical
syn_evt_00000000ea4a_000000001c4f6f00,wallet,syn_w_0000000000001b32,2026-07-26T00:03:48.000Z,1,MIXER_LIKE_CLUSTER,critical
syn_evt_00000000ea4b_000000001c4f8def,wallet,syn_w_0000000000001b33,2026-07-26T00:04:07.000Z,1,MIXER_LIKE_CLUSTER,critical
syn_evt_00000000ea4c_000000001c4facde,wallet,syn_w_0000000000001b34,2026-07-26T00:04:26.000Z,1,MIXER_LIKE_CLUSTER,critical
syn_evt_00000000ea4d_000000001c4fcbcd,wallet,syn_w_0000000000001b35,2026-07-26T00:04:45.000Z,1,MIXER_LIKE_CLUSTER,critical
syn_evt_00000000ea4e_000000001c4feabc,wallet,syn_w_0000000000001b36,2026-07-26T00:05:04.000Z,1,MIXER_LIKE_CLUSTER,critical
syn_evt_00000000ea4f_000000001c5009ab,wallet,syn_w_0000000000001b37,2026-07-26T00:05:23.000Z,1,MIXER_LIKE_CLUSTER,critical
syn_evt_00000000ea50_000000001c50289a,wallet,syn_w_0000000000001b38,2026-07-26T00:05:42.000Z,1,MIXER_LIKE_CLUSTER,critical
syn_evt_00000000ea51_000000001c504789,wallet,syn_w_0000000000001b39,2026-07-26T00:06:01.000Z,1,MIXER_LIKE_CLUSTER,critical
syn_evt_00000000ea52_000000001c506678,wallet,syn_w_0000000000001b26,2026-07-26T00:06:20.000Z,1,MIXER_LIKE_CLUSTER,critical
syn_evt_00000000ea53_000000001c508567,wallet,syn_w_0000000000001b27,2026-07-26T00:06:39.000Z,1,MIXER_LIKE_CLUSTER,critical
syn_evt_00000000ea54_000000001c50a456,wallet,syn_w_0000000000001b28,2026-07-26T00:06:58.000Z,1,MIXER_LIKE_CLUSTER,critical
syn_evt_00000000ea55_000000001c50c345,wallet,syn_w_0000000000001b29,2026-07-26T00:07:17.000Z,1,MIXER_LIKE_CLUSTER,critical
syn_evt_00000000ea56_000000001c50e234,wallet,syn_w_0000000000001b2a,2026-07-26T00:07:36.000Z,1,MIXER_LIKE_CLUSTER,critical
syn_evt_00000000ea57_000000001c510123,wallet,syn_w_0000000000001b2b,2026-07-26T00:07:55.000Z,1,MIXER_LIKE_CLUSTER,critical
syn_evt_00000000ea58_000000001c512012,wallet,syn_w_0000000000001b2c,2026-07-26T00:08:14.000Z,1,MIXER_LIKE_CLUSTER,critical
syn_evt_00000000ea59_000000001c513f01,wallet,syn_w_0000000000001b2d,2026-07-26T00:08:33.000Z,1,MIXER_LIKE_CLUSTER,critical
syn_evt_00000000ea5a_000000001c515df0,wallet,syn_w_0000000000001b2e,2026-07-26T00:08:52.000Z,1,MIXER_LIKE_CLUSTER,critical
syn_evt_00000000ea5b_000000001c517cdf,wallet,syn_w_0000000000001b2f,2026-07-26T00:09:11.000Z,1,MIXER_LIKE_CLUSTER,critical
syn_evt_00000000ea5c_000000001c519bce,wallet,syn_w_0000000000001b30,2026-07-26T00:09:30.000Z,1,MIXER_LIKE_CLUSTER,critical
syn_evt_00000000ea5d_000000001c51babd,wallet,syn_w_0000000000001b31,2026-07-26T00:09:49.000Z,1,MIXER_LIKE_CLUSTER,critical
syn_evt_00000000ea5e_000000001c51d9ac,wallet,syn_w_0000000000001b32,2026-07-26T00:10:08.000Z,1,MIXER_LIKE_CLUSTER,critical
syn_evt_00000000ea5f_000000001c51f89b,wallet,syn_w_0000000000001b33,2026-07-26T00:10:27.000Z,1,MIXER_LIKE_CLUSTER,critical
syn_evt_00000000ea60_000000001c52178a,wallet,syn_w_0000000000001b34,2026-07-26T00:10:46.000Z,1,MIXER_LIKE_CLUSTER,critical
